,Duration_in_month,Credit_amount,Installment_rate,Present_residence,Age,Existing_credits,Dependents,Credit_Class
0,0.029411764705882346,0.0505667436997909,1.0,1.0,0.8571428571428572,0.3333333333333333,0.0,1
1,0.6470588235294117,0.3136898866512601,0.3333333333333333,0.3333333333333333,0.0535714285714286,0.0,0.0,2
2,0.1176470588235294,0.10157367668097282,0.3333333333333333,0.6666666666666667,0.5357142857142858,0.0,1.0,1
3,0.5588235294117647,0.4199405744470122,0.3333333333333333,1.0,0.46428571428571425,0.0,1.0,1
4,0.2941176470588235,0.25420931000330144,0.6666666666666667,1.0,0.6071428571428572,0.3333333333333333,1.0,2
5,0.47058823529411764,0.4844833278309673,0.3333333333333333,1.0,0.28571428571428575,0.0,1.0,1
6,0.2941176470588235,0.14223616154946628,0.6666666666666667,1.0,0.6071428571428572,0.0,0.0,1
7,0.47058823529411764,0.3685484758446132,0.3333333333333333,0.3333333333333333,0.28571428571428575,0.0,0.0,1
8,0.1176470588235294,0.15456146142841423,0.3333333333333333,1.0,0.75,0.0,0.0,1
9,0.38235294117647056,0.27423792230659183,1.0,0.3333333333333333,0.16071428571428575,0.3333333333333333,0.0,2
10,0.1176470588235294,0.05749972488169913,0.6666666666666667,0.0,0.10714285714285715,0.0,0.0,2
11,0.6470588235294117,0.22328601298558381,0.6666666666666667,1.0,0.0892857142857143,0.0,0.0,2
12,0.1176470588235294,0.07246616044899307,0.0,0.0,0.0535714285714286,0.0,0.0,1
13,0.2941176470588235,0.052217453505007144,1.0,1.0,0.7321428571428572,0.3333333333333333,0.0,2
14,0.16176470588235292,0.06344228018047761,0.3333333333333333,1.0,0.16071428571428575,0.0,0.0,1
15,0.2941176470588235,0.056784417299438755,1.0,0.3333333333333333,0.23214285714285715,0.0,0.0,2
16,0.2941176470588235,0.11962143721800374,1.0,1.0,0.6071428571428572,0.3333333333333333,0.0,1
17,0.38235294117647056,0.43039506988004844,0.3333333333333333,0.6666666666666667,0.10714285714285715,0.6666666666666667,0.0,1
18,0.2941176470588235,0.6783867062837019,1.0,0.3333333333333333,0.44642857142857145,0.0,0.0,2
19,0.2941176470588235,0.17497523935292178,0.6666666666666667,0.3333333333333333,0.21428571428571425,0.0,1.0,1
20,0.07352941176470588,0.10366457576758006,1.0,1.0,0.5178571428571428,0.6666666666666667,0.0,1
21,0.029411764705882346,0.13189171343677783,0.3333333333333333,0.6666666666666667,0.44642857142857145,0.0,1.0,1
22,0.08823529411764706,0.10955210740618465,0.0,0.6666666666666667,0.5178571428571428,0.3333333333333333,1.0,1
23,0.1176470588235294,0.08550676791020138,0.6666666666666667,1.0,0.44642857142857145,0.0,0.0,1
24,0.08823529411764706,0.10008803785627819,0.3333333333333333,0.0,0.125,0.3333333333333333,0.0,1
25,0.029411764705882346,0.06184659403543523,0.0,0.3333333333333333,0.30357142857142855,0.0,0.0,1
26,0.029411764705882346,0.00968416419060196,1.0,1.0,0.35714285714285715,0.0,0.0,1
27,0.1176470588235294,0.008748761967646089,0.6666666666666667,0.6666666666666667,0.41071428571428575,0.3333333333333333,0.0,1
28,0.044117647058823525,0.11912622427643886,0.6666666666666667,0.3333333333333333,0.26785714285714285,0.0,0.0,1
29,0.8235294117647058,0.36238582590513924,0.6666666666666667,1.0,0.7857142857142858,0.3333333333333333,0.0,2
30,0.20588235294117646,0.09150434686915374,0.6666666666666667,0.6666666666666667,0.30357142857142855,0.0,0.0,1
31,0.2941176470588235,0.20743919885550788,0.3333333333333333,0.3333333333333333,0.14285714285714285,0.0,0.0,1
32,0.20588235294117646,0.3090128755364807,0.3333333333333333,0.3333333333333333,0.19642857142857145,0.3333333333333333,0.0,1
33,0.1176470588235294,0.055793991416309016,1.0,1.0,0.6785714285714286,0.0,0.0,1
34,0.1176470588235294,0.06734896005282272,1.0,0.0,0.25000000000000006,0.0,0.0,1
35,0.6029411764705882,0.24738637614174097,1.0,0.3333333333333333,0.10714285714285715,0.3333333333333333,0.0,2
36,0.6470588235294117,0.32243864861890614,0.0,0.6666666666666667,0.21428571428571425,0.0,0.0,1
37,0.20588235294117646,0.10179377132166832,1.0,0.3333333333333333,0.32142857142857145,0.0,0.0,2
38,0.08823529411764706,0.0536480686695279,0.3333333333333333,0.3333333333333333,0.32142857142857145,0.0,0.0,1
39,0.07352941176470588,0.011444921316165951,1.0,0.6666666666666667,0.0892857142857143,0.0,0.0,1
40,0.38235294117647056,0.11461428414218112,1.0,0.3333333333333333,0.19642857142857145,0.0,0.0,1
41,0.1176470588235294,0.04996148343787829,0.6666666666666667,0.0,0.125,0.0,0.0,1
42,0.20588235294117646,0.32761087267525035,0.3333333333333333,1.0,0.44642857142857145,0.0,1.0,1
43,0.38235294117647056,0.3266754704522945,0.0,1.0,0.0892857142857143,0.3333333333333333,0.0,1
44,0.6470588235294117,0.324254429404644,1.0,1.0,0.6964285714285714,0.3333333333333333,0.0,2
45,0.10294117647058824,0.06289204357873886,1.0,1.0,0.28571428571428575,0.3333333333333333,0.0,1
46,0.47058823529411764,0.1127434796962694,1.0,1.0,0.35714285714285715,0.0,0.0,1
47,0.029411764705882346,0.06063607351160999,0.0,0.3333333333333333,0.07142857142857145,0.0,0.0,1
48,0.10294117647058824,0.38395510069329813,0.0,1.0,0.35714285714285715,0.3333333333333333,0.0,1
49,0.1176470588235294,0.10030813249697369,1.0,0.3333333333333333,0.16071428571428575,0.0,0.0,1
50,0.2941176470588235,0.11461428414218112,1.0,0.3333333333333333,0.17857142857142855,0.0,0.0,1
51,0.338235294117647,0.3144602178936943,0.0,0.3333333333333333,0.19642857142857145,0.3333333333333333,0.0,1
52,0.1176470588235294,0.055683944095961266,0.6666666666666667,0.3333333333333333,0.10714285714285715,0.0,0.0,1
53,0.20588235294117646,0.17211400902388027,0.3333333333333333,0.0,0.21428571428571425,0.0,0.0,1
54,0.47058823529411764,0.10867172884340266,1.0,1.0,0.6785714285714286,0.3333333333333333,0.0,2
55,0.029411764705882346,0.029327610872675252,0.0,0.3333333333333333,0.125,0.0,1.0,1
56,0.1176470588235294,0.3421371189611533,0.3333333333333333,0.0,0.5892857142857142,0.0,0.0,2
57,0.47058823529411764,0.5126004181798173,0.3333333333333333,0.3333333333333333,0.21428571428571425,0.3333333333333333,0.0,1
58,0.20588235294117646,0.09414548255749973,0.6666666666666667,0.3333333333333333,0.07142857142857145,0.0,0.0,1
59,0.47058823529411764,0.32898646417959726,1.0,1.0,0.07142857142857145,0.3333333333333333,0.0,2
60,0.07352941176470588,0.0627819962583911,0.3333333333333333,0.0,0.14285714285714285,0.0,0.0,1
61,0.16176470588235292,0.07081545064377683,1.0,1.0,0.5535714285714286,0.3333333333333333,0.0,1
62,0.47058823529411764,0.09370529327610873,1.0,1.0,0.75,0.0,0.0,2
63,0.6470588235294117,0.7797402883239792,0.3333333333333333,0.3333333333333333,0.10714285714285715,0.0,0.0,2
64,0.2941176470588235,0.16127434796962695,1.0,1.0,0.125,0.0,0.0,1
65,0.338235294117647,0.2718168812589414,1.0,1.0,0.5178571428571428,1.0,1.0,1
66,0.1176470588235294,0.10570045119401342,0.3333333333333333,0.3333333333333333,0.17857142857142855,0.0,0.0,1
67,0.1176470588235294,0.041652910751623196,1.0,0.0,0.0535714285714286,0.0,0.0,1
68,0.47058823529411764,0.08633212281280951,1.0,1.0,0.32142857142857145,0.0,0.0,2
69,0.47058823529411764,0.11797072741278751,1.0,1.0,0.10714285714285715,0.0,0.0,1
70,0.47058823529411764,0.4337515131506548,0.0,0.3333333333333333,0.19642857142857145,0.0,0.0,1
71,0.044117647058823525,0.02641135688345989,1.0,0.3333333333333333,0.48214285714285715,0.3333333333333333,0.0,1
72,0.058823529411764705,0.05029162539892153,0.6666666666666667,1.0,0.5714285714285714,0.3333333333333333,1.0,1
73,0.5588235294117647,0.3138549576317817,0.3333333333333333,0.0,0.39285714285714285,0.3333333333333333,0.0,1
74,0.47058823529411764,0.09502586112028172,1.0,1.0,0.37499999999999994,0.0,0.0,2
75,0.1176470588235294,0.0702101903818642,1.0,1.0,0.8392857142857144,0.3333333333333333,0.0,1
76,0.5588235294117647,0.20441289754594477,1.0,0.6666666666666667,0.26785714285714285,0.0,0.0,2
77,0.10294117647058824,0.24876196764608782,0.3333333333333333,1.0,0.5714285714285714,0.0,0.0,1
78,0.7352941176470588,0.5054473423572136,0.3333333333333333,0.3333333333333333,0.35714285714285715,0.0,1.0,1
79,0.38235294117647056,0.19709475074281943,0.3333333333333333,0.0,0.0535714285714286,0.0,0.0,1
80,0.2941176470588235,0.3132496973698691,0.0,0.0,0.44642857142857145,0.3333333333333333,0.0,2
81,0.16176470588235292,0.0529877847474414,1.0,0.6666666666666667,0.49999999999999994,0.0,0.0,1
82,0.20588235294117646,0.07252118410916694,0.6666666666666667,1.0,0.0892857142857143,0.0,0.0,1
83,0.2941176470588235,0.08281060856168151,1.0,1.0,0.6964285714285714,0.0,0.0,1
84,0.08823529411764706,0.1136238582590514,0.6666666666666667,1.0,0.5892857142857142,0.0,0.0,1
85,0.1176470588235294,0.06393749312204247,1.0,0.3333333333333333,0.17857142857142855,0.3333333333333333,0.0,1
86,0.20588235294117646,0.05749972488169913,1.0,0.0,0.14285714285714285,0.3333333333333333,0.0,1
87,0.47058823529411764,0.6802024870694399,0.0,1.0,0.49999999999999994,0.0,1.0,2
88,0.20588235294117646,0.10999229668757565,1.0,0.6666666666666667,0.19642857142857145,0.0,1.0,1
89,0.1176470588235294,0.047210300429184546,1.0,0.6666666666666667,0.16071428571428575,0.3333333333333333,0.0,2
90,0.1176470588235294,0.020248706943985912,1.0,1.0,0.6607142857142858,0.0,0.0,1
91,0.1176470588235294,0.06377242214152085,1.0,0.6666666666666667,0.625,0.0,0.0,1
92,0.1176470588235294,0.030097942115109497,1.0,0.6666666666666667,0.25000000000000006,0.0,1.0,2
93,0.2941176470588235,0.18526466380543635,1.0,1.0,0.01785714285714285,0.3333333333333333,0.0,1
94,0.1176470588235294,0.05876526906569825,1.0,1.0,0.625,0.0,0.0,1
95,0.7352941176470588,0.8635963464289644,0.6666666666666667,1.0,0.6964285714285714,0.0,0.0,2
96,0.1176470588235294,0.09695168922636734,1.0,0.3333333333333333,0.75,0.0,0.0,1
97,0.20588235294117646,0.13051612193243095,1.0,1.0,0.26785714285714285,0.0,0.0,1
98,0.47058823529411764,0.11483437878287663,1.0,1.0,0.30357142857142855,0.0,0.0,1
99,0.23529411764705882,0.37454605480356556,0.6666666666666667,1.0,0.30357142857142855,0.3333333333333333,1.0,1
100,0.2941176470588235,0.06707384175195334,1.0,1.0,0.39285714285714285,0.0,0.0,1
101,0.47058823529411764,0.1140640475404424,1.0,1.0,0.0892857142857143,0.0,0.0,1
102,0.029411764705882346,0.037526136238582586,0.6666666666666667,0.3333333333333333,0.0892857142857143,0.0,0.0,1
103,0.07352941176470588,0.09183448883019699,1.0,0.6666666666666667,0.28571428571428575,0.0,0.0,1
104,0.1176470588235294,0.12077693408165512,0.3333333333333333,1.0,0.125,0.0,0.0,1
105,0.2941176470588235,0.6431165401122483,0.3333333333333333,0.6666666666666667,0.35714285714285715,0.3333333333333333,1.0,2
106,0.20588235294117646,0.34158688235941453,0.3333333333333333,1.0,0.35714285714285715,0.3333333333333333,1.0,2
107,0.1176470588235294,0.32067789149334214,0.3333333333333333,0.3333333333333333,0.23214285714285715,0.0,0.0,1
108,0.2941176470588235,0.4110817651590184,0.0,0.3333333333333333,0.19642857142857145,0.0,0.0,1
109,0.14705882352941174,0.06382744580169472,0.0,0.3333333333333333,0.28571428571428575,0.0,0.0,1
110,0.029411764705882346,0.06597336854847584,0.0,0.3333333333333333,0.21428571428571425,0.3333333333333333,1.0,1
111,0.16176470588235292,0.007813359744690218,1.0,1.0,0.07142857142857145,0.0,0.0,1
112,0.20588235294117646,0.33069219764498736,0.6666666666666667,0.6666666666666667,0.16071428571428575,0.0,0.0,1
113,0.47058823529411764,0.4184549356223176,1.0,0.3333333333333333,0.10714285714285715,0.3333333333333333,0.0,2
114,0.1176470588235294,0.07868383404864092,0.6666666666666667,0.0,0.28571428571428575,0.0,0.0,1
115,0.6470588235294117,0.18311874105865522,1.0,0.0,0.49999999999999994,0.0,0.0,1
116,0.5588235294117647,0.3809838230439089,1.0,0.6666666666666667,0.19642857142857145,0.0,0.0,2
117,0.08823529411764706,0.10355452844723231,0.3333333333333333,0.6666666666666667,0.14285714285714285,0.3333333333333333,0.0,1
118,0.4264705882352941,0.22180037416088919,0.0,1.0,0.07142857142857145,0.3333333333333333,0.0,2
119,0.1176470588235294,0.116430064927919,0.6666666666666667,0.6666666666666667,0.30357142857142855,0.0,0.0,1
120,0.25,0.0872125013755915,0.6666666666666667,0.3333333333333333,0.10714285714285715,0.3333333333333333,0.0,2
121,0.2941176470588235,0.1990756025090789,1.0,0.3333333333333333,0.39285714285714285,0.3333333333333333,0.0,1
122,0.1176470588235294,0.08352591614394189,0.6666666666666667,0.3333333333333333,0.0892857142857143,0.0,0.0,1
123,0.08823529411764706,0.0292175635523275,1.0,1.0,0.7857142857142858,0.3333333333333333,0.0,1
124,0.20588235294117646,0.09210960713106636,1.0,0.6666666666666667,0.14285714285714285,0.0,0.0,2
125,0.1176470588235294,0.10294926818531969,1.0,0.3333333333333333,0.19642857142857145,0.3333333333333333,0.0,1
126,0.1176470588235294,0.024815670738417523,1.0,0.3333333333333333,0.37499999999999994,0.0,0.0,1
127,0.1176470588235294,0.021404203807637284,1.0,0.3333333333333333,0.19642857142857145,0.0,0.0,2
128,0.1176470588235294,0.08858809287993837,1.0,0.3333333333333333,0.26785714285714285,0.3333333333333333,0.0,1
129,0.1176470588235294,0.17877187190491914,0.6666666666666667,0.3333333333333333,0.17857142857142855,0.3333333333333333,0.0,2
130,0.6470588235294117,0.45322988885220644,0.0,0.3333333333333333,0.0892857142857143,0.0,0.0,1
131,0.47058823529411764,0.36519203257400684,1.0,0.6666666666666667,0.17857142857142855,0.0,0.0,2
132,0.16176470588235292,0.1352481567073842,0.3333333333333333,0.6666666666666667,0.14285714285714285,0.3333333333333333,0.0,1
133,0.20588235294117646,0.09541102674149884,1.0,1.0,0.49999999999999994,0.3333333333333333,0.0,1
134,0.8235294117647058,0.5444040937603168,0.3333333333333333,1.0,0.035714285714285754,0.0,0.0,1
135,0.1176470588235294,0.05447342357213601,1.0,0.3333333333333333,0.33928571428571425,0.3333333333333333,0.0,1
136,0.338235294117647,0.46016287003411466,0.3333333333333333,0.3333333333333333,0.14285714285714285,0.3333333333333333,0.0,1
137,0.1176470588235294,0.02839220864971938,1.0,0.6666666666666667,0.8392857142857144,0.0,0.0,2
138,0.16176470588235292,0.1363486299108617,1.0,0.3333333333333333,0.28571428571428575,0.6666666666666667,0.0,1
139,0.1176470588235294,0.08974358974358974,0.3333333333333333,0.3333333333333333,0.44642857142857145,0.0,0.0,1
140,0.029411764705882346,0.025255860019808517,0.3333333333333333,0.3333333333333333,0.14285714285714285,0.0,0.0,1
141,0.47058823529411764,0.2500825354902608,1.0,0.0,0.19642857142857145,0.0,0.0,1
142,0.338235294117647,0.17420490811048753,0.6666666666666667,0.3333333333333333,0.14285714285714285,0.0,0.0,1
143,0.20588235294117646,0.121712336304611,0.3333333333333333,0.3333333333333333,0.0535714285714286,0.0,0.0,2
144,0.25,0.11213821943435677,1.0,1.0,0.07142857142857145,0.0,0.0,1
145,0.6470588235294117,0.18245845713656875,1.0,0.3333333333333333,0.19642857142857145,0.0,0.0,1
146,0.029411764705882346,0.0335644327060636,0.0,1.0,0.35714285714285715,0.3333333333333333,0.0,1
147,0.1176470588235294,0.023770221195113902,1.0,0.6666666666666667,0.5714285714285714,0.3333333333333333,0.0,1
148,0.47058823529411764,0.2817761637504127,0.6666666666666667,0.3333333333333333,0.16071428571428575,0.3333333333333333,0.0,1
149,0.20588235294117646,0.07329151535160118,1.0,1.0,0.48214285714285715,0.3333333333333333,0.0,1
150,0.029411764705882346,0.06030593155056674,0.3333333333333333,1.0,0.41071428571428575,0.0,1.0,1
151,0.08823529411764706,0.09210960713106636,0.0,1.0,0.33928571428571425,0.0,0.0,1
152,0.47058823529411764,0.30802244965335096,1.0,0.0,0.0892857142857143,0.0,0.0,1
153,0.2941176470588235,0.41311764058545175,0.3333333333333333,1.0,0.17857142857142855,0.0,0.0,1
154,0.2941176470588235,0.3695939253879168,1.0,1.0,0.30357142857142855,0.0,0.0,1
155,0.1176470588235294,0.056784417299438755,0.3333333333333333,1.0,0.01785714285714285,0.0,0.0,2
156,0.07352941176470588,0.057114559260482006,0.6666666666666667,1.0,0.5178571428571428,0.3333333333333333,1.0,1
157,0.1176470588235294,0.004897105755474855,1.0,0.0,0.46428571428571425,0.0,0.0,1
158,0.2941176470588235,0.1794871794871795,0.3333333333333333,0.6666666666666667,0.33928571428571425,0.3333333333333333,0.0,1
159,0.029411764705882346,0.09067899196654561,0.0,0.3333333333333333,0.26785714285714285,0.3333333333333333,1.0,1
160,0.2941176470588235,0.14427203697589966,0.6666666666666667,1.0,0.30357142857142855,0.0,1.0,1
161,0.20588235294117646,0.04429404643996919,1.0,0.0,0.19642857142857145,0.3333333333333333,0.0,1
162,0.16176470588235292,0.055683944095961266,1.0,0.6666666666666667,0.30357142857142855,0.3333333333333333,0.0,1
163,0.08823529411764706,0.3883569935072081,0.3333333333333333,1.0,0.9107142857142858,0.0,0.0,1
164,0.47058823529411764,0.03626059205458347,1.0,1.0,0.30357142857142855,0.0,0.0,1
165,0.029411764705882346,0.15010454495433037,0.0,0.3333333333333333,0.23214285714285715,0.0,0.0,1
166,0.20588235294117646,0.048475844613183675,1.0,0.3333333333333333,0.25000000000000006,0.0,0.0,2
167,0.10294117647058824,0.07301639705073182,1.0,0.0,0.01785714285714285,0.0,0.0,1
168,0.2941176470588235,0.2047980631671619,0.3333333333333333,1.0,0.10714285714285715,0.0,0.0,1
169,0.2941176470588235,0.09271486739297898,1.0,1.0,0.21428571428571425,0.3333333333333333,0.0,2
170,0.16176470588235292,0.03851656212171234,1.0,0.6666666666666667,0.25000000000000006,0.3333333333333333,1.0,2
171,0.1176470588235294,0.028227137669197756,1.0,0.0,0.125,0.0,0.0,1
172,0.2941176470588235,0.09981291955540883,0.6666666666666667,0.3333333333333333,0.26785714285714285,0.0,0.0,2
173,0.058823529411764705,0.06404754044239022,1.0,0.3333333333333333,0.25000000000000006,0.0,0.0,1
174,0.25,0.17409486079013978,0.3333333333333333,0.0,0.125,0.3333333333333333,0.0,2
175,0.38235294117647056,0.39809618135798397,1.0,0.0,0.6071428571428572,0.0,0.0,2
176,0.1176470588235294,0.1280400572246066,0.3333333333333333,0.0,0.41071428571428575,0.0,0.0,1
177,0.029411764705882346,0.00484208209530098,1.0,1.0,0.5892857142857142,0.3333333333333333,0.0,1
178,0.1176470588235294,0.09425552987784747,1.0,0.3333333333333333,0.21428571428571425,0.3333333333333333,1.0,1
179,0.25,0.0176625949158138,1.0,1.0,0.8214285714285714,0.3333333333333333,0.0,1
180,0.47058823529411764,0.5129305601408606,0.0,0.0,0.16071428571428575,0.3333333333333333,0.0,2
181,0.47058823529411764,0.2313744910311434,0.3333333333333333,0.3333333333333333,0.19642857142857145,0.3333333333333333,0.0,2
182,0.25,0.07686805326290305,1.0,0.3333333333333333,0.37499999999999994,0.3333333333333333,1.0,2
183,0.2941176470588235,0.19406844943325632,1.0,1.0,0.5535714285714286,0.0,0.0,1
184,0.20588235294117646,0.034885000550236606,1.0,1.0,0.30357142857142855,0.0,1.0,2
185,0.16176470588235292,0.06107626279300099,1.0,0.3333333333333333,0.21428571428571425,0.3333333333333333,0.0,1
186,0.07352941176470588,0.268460437988335,0.3333333333333333,1.0,0.9821428571428572,0.0,1.0,2
187,0.1764705882352941,0.050896885660834154,0.3333333333333333,0.6666666666666667,0.875,0.6666666666666667,0.0,1
188,0.1176470588235294,0.0233300319137229,1.0,0.0,0.01785714285714285,0.0,0.0,2
189,0.20588235294117646,0.16474083856058105,0.0,1.0,0.25000000000000006,0.3333333333333333,0.0,1
190,0.2941176470588235,0.23885770881479035,0.3333333333333333,0.6666666666666667,0.625,0.6666666666666667,0.0,2
191,0.6470588235294117,0.19775503466490593,1.0,1.0,0.26785714285714285,0.0,1.0,2
192,0.338235294117647,0.20166171453725104,1.0,0.3333333333333333,0.30357142857142855,0.0,1.0,2
193,0.029411764705882346,0.10223396060305931,0.3333333333333333,0.3333333333333333,0.17857142857142855,0.0,0.0,1
194,0.6029411764705882,0.15302079894354573,1.0,1.0,0.035714285714285754,0.0,0.0,2
195,0.07352941176470588,0.06883459887751733,0.3333333333333333,0.6666666666666667,0.26785714285714285,0.3333333333333333,0.0,2
196,0.029411764705882346,0.06228678331682623,0.0,0.0,0.16071428571428575,0.3333333333333333,0.0,1
197,0.1176470588235294,0.038571585781886214,1.0,1.0,0.14285714285714285,1.0,0.0,2
198,0.2941176470588235,0.13810938703642567,1.0,1.0,0.30357142857142855,0.0,0.0,1
199,0.20588235294117646,0.2226807527236712,1.0,0.6666666666666667,0.37499999999999994,0.0,0.0,2
200,0.07352941176470588,0.037746230879278087,1.0,0.3333333333333333,0.5892857142857142,0.3333333333333333,0.0,1
201,0.1176470588235294,0.05051172003961703,1.0,0.6666666666666667,0.14285714285714285,0.0,0.0,1
202,0.338235294117647,0.2678001540662485,0.6666666666666667,1.0,0.125,0.3333333333333333,0.0,1
203,0.1176470588235294,0.035875426433366345,1.0,1.0,0.035714285714285754,0.0,0.0,2
204,0.1176470588235294,0.06850445691647408,1.0,0.0,0.33928571428571425,0.3333333333333333,1.0,1
205,0.38235294117647056,0.5707604269836029,0.6666666666666667,1.0,0.33928571428571425,0.6666666666666667,1.0,1
206,0.1176470588235294,0.09271486739297898,1.0,1.0,0.42857142857142855,0.6666666666666667,0.0,1
207,0.1176470588235294,0.06459777704412897,1.0,0.6666666666666667,0.125,0.0,0.0,1
208,0.2941176470588235,0.3476394849785408,0.3333333333333333,0.3333333333333333,0.035714285714285754,0.0,0.0,1
209,0.1176470588235294,0.06399251678221635,0.6666666666666667,0.3333333333333333,0.6428571428571428,0.0,0.0,1
210,0.07352941176470588,0.15538681633102236,0.0,0.3333333333333333,0.25000000000000006,0.3333333333333333,1.0,1
211,0.47058823529411764,0.19725982172334106,0.3333333333333333,1.0,0.46428571428571425,0.0,0.0,1
212,0.338235294117647,0.27748431825685044,0.3333333333333333,1.0,0.5535714285714286,0.3333333333333333,0.0,2
213,0.38235294117647056,0.09122922856828436,1.0,1.0,0.8392857142857144,0.0,0.0,2
214,0.47058823529411764,0.1701331572576208,1.0,0.3333333333333333,0.5714285714285714,0.0,0.0,1
215,0.029411764705882346,0.037526136238582586,0.0,0.6666666666666667,0.35714285714285715,0.3333333333333333,0.0,1
216,0.20588235294117646,0.1570375261362386,0.6666666666666667,0.0,0.21428571428571425,0.0,0.0,1
217,0.47058823529411764,0.2015516672169033,0.3333333333333333,0.3333333333333333,0.07142857142857145,0.0,0.0,1
218,0.2941176470588235,0.15247056234180698,0.3333333333333333,0.3333333333333333,0.0892857142857143,0.0,0.0,1
219,0.08823529411764706,0.06129635743369649,0.3333333333333333,1.0,0.8035714285714286,0.0,0.0,1
220,0.1176470588235294,0.020633872565203038,1.0,0.0,0.125,0.0,0.0,1
221,0.1176470588235294,0.05227247716518102,1.0,1.0,0.07142857142857145,0.0,0.0,1
222,0.1176470588235294,0.025145812699460767,1.0,0.3333333333333333,0.19642857142857145,0.3333333333333333,0.0,1
223,0.2941176470588235,0.15010454495433037,1.0,1.0,0.23214285714285715,0.3333333333333333,1.0,1
224,0.16176470588235292,0.2424892703862661,0.6666666666666667,0.3333333333333333,0.19642857142857145,0.0,0.0,1
225,0.47058823529411764,0.13002090899086607,1.0,0.3333333333333333,0.14285714285714285,0.3333333333333333,0.0,1
226,0.6470588235294117,0.5893584241223726,0.0,0.3333333333333333,0.14285714285714285,0.3333333333333333,0.0,2
227,0.1176470588235294,0.41900517222405637,1.0,1.0,0.6071428571428572,0.0,0.0,2
228,0.07352941176470588,0.0675690546935182,1.0,0.3333333333333333,0.0535714285714286,0.0,0.0,2
229,0.2941176470588235,0.15951359084406297,1.0,0.0,0.0535714285714286,0.0,0.0,1
230,0.47058823529411764,0.21789369428854408,1.0,0.3333333333333333,0.125,0.0,0.0,2
231,0.07352941176470588,0.12418840101243535,0.3333333333333333,1.0,0.5714285714285714,0.0,0.0,1
232,0.1176470588235294,0.10404974138879718,0.6666666666666667,0.0,0.28571428571428575,0.0,0.0,1
233,0.20588235294117646,0.03389457466710685,1.0,0.3333333333333333,0.10714285714285715,0.0,0.0,1
234,0.0,0.07120061626499395,0.3333333333333333,0.0,0.41071428571428575,0.6666666666666667,1.0,1
235,0.2941176470588235,0.086552217453505,1.0,0.3333333333333333,0.19642857142857145,0.0,1.0,2
236,0.029411764705882346,0.7871134587872785,0.0,0.3333333333333333,0.07142857142857145,0.0,0.0,2
237,0.25,0.1384945526576428,1.0,0.3333333333333333,0.75,0.3333333333333333,0.0,2
238,0.1176470588235294,0.05727963024100363,1.0,0.3333333333333333,0.28571428571428575,0.3333333333333333,0.0,1
239,0.38235294117647056,0.1250137559150435,0.0,0.6666666666666667,0.35714285714285715,0.0,1.0,1
240,0.2941176470588235,0.03659073401562672,1.0,0.3333333333333333,0.17857142857142855,0.0,0.0,2
241,0.029411764705882346,0.07400682293386156,0.6666666666666667,0.3333333333333333,0.5714285714285714,0.0,1.0,1
242,0.6470588235294117,0.2396280400572246,0.6666666666666667,1.0,0.0892857142857143,0.3333333333333333,1.0,2
243,0.1176470588235294,0.051447122262572906,0.6666666666666667,0.3333333333333333,0.14285714285714285,0.3333333333333333,0.0,1
244,0.1176470588235294,0.17591064157587763,1.0,0.6666666666666667,0.28571428571428575,0.0,1.0,1
245,0.2941176470588235,0.055463849455265765,1.0,0.0,0.10714285714285715,0.0,0.0,1
246,0.1176470588235294,0.02569604930119952,1.0,1.0,0.5892857142857142,0.6666666666666667,0.0,1
247,0.029411764705882346,0.05249257180587652,1.0,0.0,0.28571428571428575,0.0,0.0,1
248,0.2941176470588235,0.09216463079124024,0.3333333333333333,0.3333333333333333,0.125,0.0,0.0,1
249,0.20588235294117646,0.010069329811819083,0.6666666666666667,1.0,0.0535714285714286,0.0,0.0,2
250,0.029411764705882346,0.022889842632331906,0.6666666666666667,1.0,0.35714285714285715,0.3333333333333333,0.0,1
251,0.1176470588235294,0.1101023440079234,0.0,0.3333333333333333,0.48214285714285715,0.0,0.0,1
252,0.38235294117647056,0.10454495433036205,1.0,0.3333333333333333,0.0892857142857143,0.0,0.0,2
253,0.2941176470588235,0.21464729833828547,0.3333333333333333,0.6666666666666667,0.28571428571428575,0.3333333333333333,0.0,1
254,0.07352941176470588,0.09794211510949709,0.3333333333333333,0.0,0.0892857142857143,0.0,0.0,1
255,0.8235294117647058,0.39440959612633436,0.0,0.0,0.14285714285714285,0.0,0.0,1
256,0.2941176470588235,0.13392758886321118,1.0,0.3333333333333333,0.28571428571428575,0.3333333333333333,0.0,1
257,0.1176470588235294,0.10448993067018818,1.0,0.0,0.17857142857142855,0.0,0.0,2
258,0.16176470588235292,0.19599427753934193,0.0,1.0,0.07142857142857145,0.0,0.0,1
259,0.10294117647058824,0.04974138879718279,1.0,1.0,0.6785714285714286,0.6666666666666667,0.0,1
260,0.1176470588235294,0.07741828986464179,0.3333333333333333,0.3333333333333333,0.14285714285714285,0.0,0.0,1
261,0.2941176470588235,0.07444701221525256,1.0,1.0,0.6428571428571428,0.0,0.0,1
262,0.20588235294117646,0.27797953119841534,0.3333333333333333,1.0,0.30357142857142855,0.6666666666666667,0.0,1
263,0.1176470588235294,0.13744910311433917,0.3333333333333333,1.0,0.6785714285714286,0.6666666666666667,0.0,1
264,0.08823529411764706,0.05397821063057115,0.6666666666666667,1.0,0.23214285714285715,0.3333333333333333,1.0,1
265,0.16176470588235292,0.030373060415978873,1.0,0.6666666666666667,0.32142857142857145,0.0,1.0,2
266,0.47058823529411764,0.33311323869263787,1.0,1.0,0.30357142857142855,0.3333333333333333,0.0,1
267,0.2941176470588235,0.07059535600308132,1.0,0.6666666666666667,0.33928571428571425,0.0,0.0,1
268,0.14705882352941174,0.48024650599757895,0.0,1.0,0.46428571428571425,0.0,0.0,2
269,0.2941176470588235,0.041212721470232194,1.0,0.3333333333333333,0.10714285714285715,0.3333333333333333,0.0,1
270,0.20588235294117646,0.13271706833938596,1.0,0.6666666666666667,0.23214285714285715,0.0,0.0,1
271,0.1176470588235294,0.06338725652030373,0.6666666666666667,1.0,0.32142857142857145,0.0,0.0,1
272,0.6470588235294117,0.6558270056124132,1.0,1.0,0.30357142857142855,0.0,0.0,1
273,0.6470588235294117,0.1546164850885881,1.0,1.0,0.16071428571428575,0.3333333333333333,0.0,2
274,0.38235294117647056,0.6464179597226807,0.0,0.0,0.26785714285714285,0.0,0.0,2
275,0.07352941176470588,0.13464289644547156,0.0,0.3333333333333333,0.23214285714285715,0.0,1.0,1
276,0.20588235294117646,0.11852096401452623,0.3333333333333333,0.3333333333333333,0.125,0.3333333333333333,0.0,1
277,0.1176470588235294,0.055683944095961266,0.3333333333333333,1.0,0.5357142857142858,0.0,0.0,1
278,0.029411764705882346,0.23995818201826785,0.0,1.0,0.23214285714285715,0.0,0.0,2
279,0.2941176470588235,0.09084406294706723,1.0,1.0,0.17857142857142855,0.0,0.0,1
280,0.16176470588235292,0.17156377242214152,0.6666666666666667,1.0,0.07142857142857145,0.3333333333333333,0.0,1
281,0.1176470588235294,0.07285132607021019,1.0,0.3333333333333333,0.5535714285714286,0.0,0.0,1
282,0.20588235294117646,0.06575327390778034,1.0,1.0,0.5357142857142858,0.0,0.0,1
283,0.16176470588235292,0.06988004842082095,1.0,1.0,0.7857142857142858,0.0,0.0,1
284,0.2941176470588235,0.19962583911081766,1.0,0.3333333333333333,0.32142857142857145,0.0,0.0,1
285,0.6323529411764706,0.5762077693408165,0.0,0.0,0.28571428571428575,0.0,0.0,1
286,0.6470588235294117,0.24969736986904373,1.0,0.6666666666666667,0.125,0.0,1.0,1
287,0.6470588235294117,0.4034334763948498,0.3333333333333333,1.0,0.21428571428571425,0.0,0.0,1
288,0.1176470588235294,0.04632992186640256,1.0,1.0,0.5357142857142858,0.3333333333333333,0.0,1
289,0.2941176470588235,0.04258831297457907,1.0,1.0,0.5178571428571428,0.0,0.0,2
290,0.1176470588235294,0.045449543303620554,0.3333333333333333,0.3333333333333333,0.125,0.0,0.0,1
291,0.47058823529411764,0.5033564432706064,0.0,1.0,0.16071428571428575,0.0,0.0,2
292,0.2941176470588235,0.33944095961263343,0.3333333333333333,1.0,0.44642857142857145,0.3333333333333333,1.0,1
293,0.5588235294117647,0.2501375591504347,1.0,1.0,0.6607142857142858,0.0,0.0,1
294,0.6470588235294117,0.40601958842302194,1.0,0.3333333333333333,0.48214285714285715,0.3333333333333333,1.0,1
295,0.6470588235294117,0.5342797402883239,0.0,0.3333333333333333,0.125,0.0,0.0,2
296,0.1176470588235294,0.24347969626939586,0.0,1.0,0.01785714285714285,0.0,0.0,1
297,0.08823529411764706,0.05705953560030813,1.0,0.3333333333333333,0.46428571428571425,0.0,0.0,1
298,0.20588235294117646,0.12462859029382635,0.6666666666666667,1.0,0.42857142857142855,0.0,0.0,1
299,0.25,0.13728403213381754,0.6666666666666667,0.3333333333333333,0.23214285714285715,0.3333333333333333,0.0,1
300,0.029411764705882346,0.02321998459337515,0.0,1.0,0.625,0.0,0.0,1
301,0.47058823529411764,0.19555408825795093,1.0,0.0,0.41071428571428575,0.0,0.0,2
302,0.2941176470588235,0.06019588423021899,1.0,0.3333333333333333,0.32142857142857145,0.3333333333333333,1.0,2
303,0.08823529411764706,0.04335864421701331,1.0,0.6666666666666667,0.5357142857142858,0.3333333333333333,0.0,1
304,0.6470588235294117,0.543468691537361,0.3333333333333333,0.3333333333333333,0.44642857142857145,0.0,0.0,2
305,0.029411764705882346,0.07114559260482008,1.0,0.3333333333333333,0.25000000000000006,0.0,0.0,1
306,0.38235294117647056,0.25096291405304283,0.3333333333333333,1.0,0.0892857142857143,0.0,0.0,1
307,0.1176470588235294,0.026246285902938263,1.0,0.6666666666666667,0.25000000000000006,0.0,0.0,2
308,0.058823529411764705,0.05430835259161439,0.6666666666666667,1.0,0.0892857142857143,0.0,0.0,2
309,0.07352941176470588,0.001430615164520744,1.0,1.0,0.0535714285714286,0.0,0.0,1
310,0.6470588235294117,0.28232640035215145,0.6666666666666667,1.0,0.37499999999999994,0.0,0.0,1
311,0.2941176470588235,0.28947947617475517,1.0,0.0,0.10714285714285715,0.0,0.0,1
312,0.2941176470588235,0.19252778694838782,0.3333333333333333,1.0,0.125,0.0,0.0,1
313,0.1176470588235294,0.023935292175635527,0.3333333333333333,0.6666666666666667,0.10714285714285715,0.0,0.0,2
314,0.0,0.06844943325630021,0.0,0.3333333333333333,0.17857142857142855,0.0,1.0,1
315,0.47058823529411764,0.13733905579399142,1.0,1.0,0.21428571428571425,0.0,0.0,2
316,0.1176470588235294,0.025200836359634642,0.3333333333333333,0.6666666666666667,0.33928571428571425,0.0,1.0,1
317,0.2941176470588235,0.22565203037306042,0.0,1.0,0.5178571428571428,0.0,0.0,1
318,0.1176470588235294,0.024815670738417523,1.0,0.3333333333333333,0.23214285714285715,0.3333333333333333,0.0,1
319,0.16176470588235292,0.1866952789699571,0.0,1.0,0.14285714285714285,0.3333333333333333,0.0,1
320,0.38235294117647056,0.2200396170353252,1.0,0.3333333333333333,0.16071428571428575,0.3333333333333333,0.0,2
321,0.2941176470588235,0.0928799383735006,1.0,0.6666666666666667,0.23214285714285715,0.0,0.0,2
322,0.2941176470588235,0.1463629360625069,0.3333333333333333,0.0,0.26785714285714285,0.0,0.0,1
323,0.20588235294117646,0.13255199735886433,1.0,0.3333333333333333,0.16071428571428575,0.0,0.0,1
324,0.20588235294117646,0.042808407615274574,1.0,0.6666666666666667,0.30357142857142855,0.3333333333333333,0.0,1
325,0.058823529411764705,0.17321448222735777,0.0,1.0,0.35714285714285715,0.3333333333333333,0.0,1
326,0.1176470588235294,0.30543633762517886,0.3333333333333333,1.0,0.5357142857142858,0.0,0.0,1
327,0.2941176470588235,0.07015516672169032,1.0,0.6666666666666667,0.26785714285714285,0.0,1.0,1
328,0.47058823529411764,0.23236491691427316,1.0,0.3333333333333333,0.21428571428571425,0.0,0.0,1
329,0.029411764705882346,0.04500935402222955,1.0,1.0,0.16071428571428575,0.0,1.0,1
330,0.2941176470588235,0.3502255970067129,0.3333333333333333,1.0,1.0,0.3333333333333333,0.0,1
331,0.20588235294117646,0.08880818752063387,1.0,0.3333333333333333,0.19642857142857145,0.3333333333333333,0.0,2
332,0.8235294117647058,0.3938593595245956,1.0,0.3333333333333333,0.0892857142857143,0.0,0.0,2
333,0.6470588235294117,0.6239683063717398,0.3333333333333333,1.0,0.0892857142857143,0.3333333333333333,0.0,2
334,0.2941176470588235,0.21239132827115662,0.6666666666666667,1.0,0.07142857142857145,0.3333333333333333,1.0,2
335,0.029411764705882346,0.17244415098492352,0.0,1.0,0.44642857142857145,0.0,0.0,2
336,0.13235294117647056,0.10184879498184218,0.3333333333333333,1.0,0.07142857142857145,0.0,0.0,1
337,0.16176470588235292,0.05639925167822163,1.0,0.3333333333333333,0.0892857142857143,0.0,0.0,2
338,0.2941176470588235,0.21563772422141522,1.0,1.0,0.16071428571428575,0.0,0.0,1
339,0.08823529411764706,0.06993507208099482,1.0,0.3333333333333333,0.21428571428571425,0.0,0.0,1
340,0.2941176470588235,0.3022449653350941,0.3333333333333333,1.0,0.0892857142857143,0.3333333333333333,0.0,1
341,0.25,0.1842742379223066,0.0,1.0,0.125,0.0,0.0,1
342,0.20588235294117646,0.16303510509519095,0.0,0.6666666666666667,0.10714285714285715,0.0,0.0,1
343,0.20588235294117646,0.2304941124683614,0.0,0.0,0.25000000000000006,0.0,0.0,1
344,0.08823529411764706,0.20353251898316277,0.0,0.0,0.32142857142857145,0.0,1.0,1
345,0.16176470588235292,0.06652360515021459,1.0,0.3333333333333333,0.42857142857142855,0.0,0.0,1
346,0.13235294117647056,0.034774953229888855,1.0,1.0,0.07142857142857145,0.3333333333333333,0.0,1
347,0.2941176470588235,0.1930229998899527,0.0,1.0,0.07142857142857145,0.0,0.0,1
348,0.029411764705882346,0.08215032463959503,0.0,0.3333333333333333,0.26785714285714285,0.3333333333333333,0.0,1
349,0.07352941176470588,0.048750962914053037,1.0,0.6666666666666667,0.23214285714285715,0.3333333333333333,1.0,2
350,0.07352941176470588,0.05425332893144051,0.0,1.0,0.07142857142857145,0.0,0.0,1
351,0.07352941176470588,0.039011775063277215,0.0,0.3333333333333333,0.17857142857142855,0.0,0.0,2
352,0.20588235294117646,0.16391548365797293,0.3333333333333333,1.0,0.33928571428571425,0.0,0.0,1
353,0.1176470588235294,0.327335754374381,1.0,0.3333333333333333,0.16071428571428575,0.3333333333333333,0.0,2
354,0.08823529411764706,0.026246285902938263,1.0,1.0,0.48214285714285715,0.0,0.0,1
355,0.2941176470588235,0.05480356553317926,1.0,0.3333333333333333,0.07142857142857145,0.0,0.0,2
356,0.1176470588235294,0.11450423682183337,0.0,1.0,0.5357142857142858,0.0,0.0,1
357,0.47058823529411764,0.2318146803125344,1.0,0.3333333333333333,0.125,0.3333333333333333,0.0,2
358,0.1176470588235294,0.028942445251458126,1.0,0.3333333333333333,0.16071428571428575,0.0,0.0,1
359,0.38235294117647056,0.11863101133487398,1.0,1.0,0.07142857142857145,0.0,0.0,2
360,0.20588235294117646,0.05441839991196214,1.0,1.0,0.75,0.0,0.0,1
361,0.1176470588235294,0.17326950588753165,0.3333333333333333,0.6666666666666667,0.32142857142857145,0.0,0.0,1
362,0.1176470588235294,0.1098822493672279,0.3333333333333333,0.3333333333333333,0.30357142857142855,0.3333333333333333,0.0,1
363,0.029411764705882346,0.08341586882359414,0.0,0.3333333333333333,0.035714285714285754,0.0,0.0,1
364,0.20588235294117646,0.12231759656652359,1.0,0.0,0.10714285714285715,0.0,0.0,2
365,0.1176470588235294,0.0710905689446462,0.3333333333333333,1.0,0.30357142857142855,0.0,0.0,1
366,0.20588235294117646,0.19808517662594918,0.6666666666666667,0.0,0.14285714285714285,0.3333333333333333,0.0,1
367,0.20588235294117646,0.1870804445911742,0.0,1.0,0.0535714285714286,0.0,0.0,1
368,0.47058823529411764,0.17585561791570375,1.0,0.3333333333333333,0.41071428571428575,0.0,1.0,2
369,0.20588235294117646,0.1513700891383295,0.3333333333333333,1.0,0.37499999999999994,0.0,0.0,1
370,0.47058823529411764,0.15566193463189174,1.0,1.0,0.30357142857142855,0.0,0.0,1
371,0.20588235294117646,0.32023770221195114,0.6666666666666667,1.0,0.25000000000000006,0.3333333333333333,0.0,1
372,0.08823529411764706,0.10432485968966655,0.0,0.6666666666666667,0.07142857142857145,0.3333333333333333,0.0,1
373,0.8235294117647058,0.7431495543083525,0.3333333333333333,1.0,0.7857142857142858,0.0,0.0,1
374,0.8235294117647058,0.799603829646748,0.6666666666666667,1.0,0.7321428571428572,0.3333333333333333,0.0,2
375,0.6470588235294117,0.4091009133927589,0.3333333333333333,1.0,0.32142857142857145,0.0,0.0,2
376,0.20588235294117646,0.11389897655992078,0.3333333333333333,0.6666666666666667,0.26785714285714285,0.3333333333333333,0.0,1
377,0.044117647058823525,0.03279410146362936,0.6666666666666667,1.0,0.30357142857142855,0.0,0.0,1
378,0.47058823529411764,0.7740728513260702,1.0,0.3333333333333333,0.6785714285714286,0.0,0.0,2
379,0.029411764705882346,0.0061626499394739735,1.0,1.0,0.5892857142857142,0.3333333333333333,0.0,1
380,0.23529411764705882,0.10795642126114229,1.0,1.0,0.35714285714285715,0.0,0.0,1
381,0.20588235294117646,0.7002310993727302,0.6666666666666667,1.0,0.33928571428571425,0.0,0.0,2
382,0.2647058823529412,0.05683944095961263,1.0,1.0,0.10714285714285715,0.0,0.0,1
383,0.1176470588235294,0.05942555298778475,1.0,0.0,0.125,0.0,0.0,1
384,0.38235294117647056,0.2213051612193243,0.3333333333333333,0.3333333333333333,0.125,0.3333333333333333,0.0,1
385,0.20588235294117646,0.10938703642566304,0.3333333333333333,0.0,0.10714285714285715,0.3333333333333333,0.0,1
386,0.20588235294117646,0.0482007263123143,1.0,0.3333333333333333,0.035714285714285754,0.0,0.0,1
387,0.20588235294117646,0.39198855507868385,1.0,1.0,0.37499999999999994,0.3333333333333333,0.0,1
388,0.16176470588235292,0.114229118520964,0.3333333333333333,1.0,0.14285714285714285,0.0,0.0,1
389,0.07352941176470588,0.06597336854847584,0.6666666666666667,0.3333333333333333,0.14285714285714285,0.3333333333333333,0.0,1
390,0.20588235294117646,0.08638714647298339,0.3333333333333333,0.3333333333333333,0.19642857142857145,0.0,0.0,1
391,0.1176470588235294,0.040332342907450205,0.0,1.0,0.0,0.0,0.0,1
392,0.47058823529411764,0.16501595686145043,0.3333333333333333,1.0,0.35714285714285715,0.0,1.0,1
393,0.029411764705882346,0.09392538791680423,0.0,1.0,0.21428571428571425,0.0,0.0,1
394,0.07352941176470588,0.11863101133487398,0.3333333333333333,0.6666666666666667,0.21428571428571425,0.0,0.0,1
395,0.5147058823529411,0.6333223286012986,0.3333333333333333,0.6666666666666667,0.23214285714285715,0.0,0.0,1
396,0.1176470588235294,0.12809508088478047,0.6666666666666667,1.0,0.6428571428571428,0.0,0.0,1
397,0.47058823529411764,0.11543963904478925,0.6666666666666667,0.3333333333333333,0.48214285714285715,0.3333333333333333,0.0,1
398,0.1176470588235294,0.05353802134918015,0.0,0.0,0.48214285714285715,0.3333333333333333,0.0,2
399,0.2941176470588235,0.06965995378012545,1.0,0.0,0.42857142857142855,0.3333333333333333,0.0,1
400,0.20588235294117646,0.06729393639264884,0.6666666666666667,1.0,0.35714285714285715,0.0,0.0,1
401,0.20588235294117646,0.090073731704633,1.0,1.0,0.16071428571428575,0.3333333333333333,0.0,1
402,0.2941176470588235,0.4620886981402003,0.3333333333333333,0.3333333333333333,0.14285714285714285,0.3333333333333333,0.0,2
403,0.14705882352941174,0.030373060415978873,1.0,0.3333333333333333,0.14285714285714285,0.3333333333333333,0.0,1
404,0.20588235294117646,0.14575767580059426,1.0,1.0,0.42857142857142855,0.0,1.0,1
405,0.2941176470588235,0.09843732805106195,0.0,0.0,0.0535714285714286,0.0,0.0,2
406,0.2941176470588235,0.10713106635853417,1.0,1.0,0.42857142857142855,0.3333333333333333,1.0,1
407,0.16176470588235292,0.04418399911962144,1.0,0.3333333333333333,0.14285714285714285,0.0,0.0,1
408,0.2941176470588235,0.16424562561901618,0.6666666666666667,0.3333333333333333,0.125,0.0,0.0,1
409,0.1176470588235294,0.03791130185979971,1.0,0.3333333333333333,0.16071428571428575,0.6666666666666667,0.0,2
410,0.2941176470588235,0.09447562451854297,1.0,1.0,0.01785714285714285,0.0,0.0,1
411,0.4264705882352941,0.385330692197645,0.6666666666666667,0.3333333333333333,0.28571428571428575,0.3333333333333333,0.0,1
412,0.1176470588235294,0.11235831407505227,1.0,0.3333333333333333,0.41071428571428575,0.3333333333333333,0.0,2
413,0.08823529411764706,0.07411687025420931,0.6666666666666667,0.3333333333333333,0.37499999999999994,0.0,1.0,1
414,0.2941176470588235,0.062231759656652355,1.0,0.3333333333333333,0.28571428571428575,0.0,0.0,2
415,0.47058823529411764,0.3076923076923077,0.3333333333333333,0.3333333333333333,0.28571428571428575,0.3333333333333333,1.0,1
416,0.1176470588235294,0.12815010454495435,1.0,0.0,0.25000000000000006,0.0,1.0,2
417,0.20588235294117646,0.45234951028942444,0.0,0.3333333333333333,0.07142857142857145,0.3333333333333333,0.0,1
418,0.25,0.13931990756025092,0.0,0.3333333333333333,0.21428571428571425,0.0,0.0,1
419,0.20588235294117646,0.04357873885770881,1.0,0.3333333333333333,0.25000000000000006,0.0,0.0,2
420,0.16176470588235292,0.16154946627049632,0.3333333333333333,0.6666666666666667,0.01785714285714285,0.0,0.0,1
421,0.1176470588235294,0.09783206778914934,1.0,0.3333333333333333,0.19642857142857145,0.0,0.0,1
422,0.1176470588235294,0.03895675140310334,0.3333333333333333,0.6666666666666667,0.49999999999999994,0.3333333333333333,1.0,1
423,0.25,0.07378672829316606,1.0,0.6666666666666667,0.26785714285714285,0.3333333333333333,0.0,1
424,0.1176470588235294,0.13821943435677342,0.0,0.3333333333333333,0.10714285714285715,0.0,0.0,2
425,0.20588235294117646,0.1391548365797293,0.0,0.6666666666666667,0.035714285714285754,0.0,0.0,1
426,0.3529411764705882,0.1371739848134698,1.0,0.3333333333333333,0.17857142857142855,0.3333333333333333,0.0,1
427,0.20588235294117646,0.049466270496313414,1.0,0.6666666666666667,0.48214285714285715,0.3333333333333333,0.0,1
428,0.07352941176470588,0.05849015076482887,0.0,1.0,0.01785714285714285,0.0,0.0,1
429,0.20588235294117646,0.05172224056344228,0.3333333333333333,1.0,0.6428571428571428,0.6666666666666667,1.0,2
430,0.01470588235294118,0.1759656652360515,0.0,1.0,0.9821428571428572,0.0,0.0,1
431,0.2941176470588235,0.6095521074061846,0.3333333333333333,0.6666666666666667,0.17857142857142855,0.3333333333333333,0.0,2
432,0.029411764705882346,0.08924837680202487,1.0,1.0,0.30357142857142855,0.6666666666666667,0.0,1
433,0.2941176470588235,0.09948277759436558,1.0,0.3333333333333333,0.25000000000000006,0.3333333333333333,0.0,1
434,0.07352941176470588,0.1037746230879278,0.6666666666666667,0.3333333333333333,0.10714285714285715,0.0,0.0,1
435,0.1176470588235294,0.06789919665456146,0.3333333333333333,0.0,0.10714285714285715,0.0,0.0,2
436,0.029411764705882346,0.022559700671288655,0.3333333333333333,1.0,0.07142857142857145,0.0,0.0,1
437,0.2941176470588235,0.05705953560030813,1.0,1.0,0.32142857142857145,0.3333333333333333,0.0,1
438,0.5588235294117647,0.17299438758666227,1.0,1.0,0.8214285714285714,0.3333333333333333,0.0,1
439,0.1176470588235294,0.019753494002421042,1.0,0.0,0.125,0.0,0.0,2
440,0.1176470588235294,0.08990866072411137,1.0,1.0,0.35714285714285715,0.0,0.0,1
441,0.1176470588235294,0.07538241443820842,0.3333333333333333,0.6666666666666667,0.19642857142857145,0.0,0.0,1
442,0.23529411764705882,0.13090128755364808,0.3333333333333333,0.6666666666666667,0.17857142857142855,0.3333333333333333,0.0,1
443,0.1176470588235294,0.02580609662154727,1.0,1.0,0.39285714285714285,0.0,1.0,2
444,0.6470588235294117,0.2666446572025971,0.3333333333333333,0.6666666666666667,0.19642857142857145,0.0,0.0,2
445,0.07352941176470588,0.05469351821283151,1.0,1.0,0.39285714285714285,0.3333333333333333,0.0,1
446,0.47058823529411764,0.08759766699680863,1.0,1.0,0.26785714285714285,0.0,0.0,2
447,0.044117647058823525,0.12798503356443272,0.3333333333333333,0.3333333333333333,0.28571428571428575,0.0,0.0,1
448,0.1176470588235294,0.06459777704412897,0.6666666666666667,1.0,0.6428571428571428,0.0,0.0,1
449,0.16176470588235292,0.06943985913942995,0.6666666666666667,0.6666666666666667,0.75,0.3333333333333333,0.0,2
450,0.47058823529411764,0.594475624518543,1.0,0.3333333333333333,0.19642857142857145,0.0,0.0,1
451,0.029411764705882346,0.014746340926598437,0.6666666666666667,0.0,0.17857142857142855,0.0,0.0,1
452,0.1176470588235294,0.1380543633762518,0.3333333333333333,1.0,0.26785714285714285,0.3333333333333333,0.0,1
453,0.2941176470588235,0.13315725762077696,1.0,1.0,0.28571428571428575,0.0,0.0,1
454,0.2941176470588235,0.2512930560140861,0.3333333333333333,0.6666666666666667,0.21428571428571425,0.0,0.0,2
455,0.2941176470588235,0.1336524705623418,1.0,0.0,0.17857142857142855,0.0,0.0,1
456,0.10294117647058824,0.2011114779355123,0.3333333333333333,0.3333333333333333,0.30357142857142855,0.3333333333333333,1.0,1
457,0.1176470588235294,0.17255419830527127,0.6666666666666667,1.0,0.28571428571428575,0.0,0.0,2
458,0.029411764705882346,0.005117200396170352,1.0,0.0,0.14285714285714285,0.0,0.0,1
459,0.20588235294117646,0.239022779795312,0.6666666666666667,0.3333333333333333,0.23214285714285715,0.0,0.0,1
460,0.47058823529411764,0.18542973478595798,0.0,0.3333333333333333,0.32142857142857145,0.0,1.0,1
461,0.16176470588235292,0.08093980411576977,0.3333333333333333,0.6666666666666667,0.30357142857142855,0.0,0.0,1
462,0.1176470588235294,0.1522504677011115,0.6666666666666667,0.0,0.26785714285714285,0.0,0.0,1
463,0.1176470588235294,0.027731924727632886,1.0,1.0,0.33928571428571425,0.3333333333333333,0.0,1
464,0.20588235294117646,0.0935402222955871,1.0,0.0,0.26785714285714285,0.3333333333333333,0.0,1
465,0.2941176470588235,0.14713326730494114,0.6666666666666667,1.0,0.7857142857142858,0.0,1.0,1
466,0.2941176470588235,0.07752833718498954,1.0,0.3333333333333333,0.17857142857142855,0.0,0.0,2
467,0.6470588235294117,0.3845053372950369,0.6666666666666667,0.6666666666666667,0.23214285714285715,0.3333333333333333,1.0,1
468,0.4264705882352941,0.13832948167712117,0.3333333333333333,0.3333333333333333,0.125,0.3333333333333333,0.0,1
469,0.2941176470588235,0.24369979091009136,0.6666666666666667,0.6666666666666667,0.28571428571428575,0.3333333333333333,0.0,1
470,0.2941176470588235,0.15637724221415208,0.6666666666666667,0.3333333333333333,0.0535714285714286,0.0,0.0,2
471,0.029411764705882346,0.010894684714427203,1.0,1.0,0.07142857142857145,0.0,0.0,2
472,0.07352941176470588,0.022229558710245404,1.0,0.6666666666666667,0.16071428571428575,0.0,0.0,2
473,0.029411764705882346,0.05436337625178826,1.0,1.0,0.30357142857142855,0.0,1.0,1
474,0.20588235294117646,0.05474854187300539,1.0,0.3333333333333333,0.25000000000000006,0.0,0.0,2
475,0.20588235294117646,0.15758776273797734,0.0,1.0,0.125,0.0,0.0,2
476,0.5147058823529411,0.1275998679432156,1.0,1.0,0.0892857142857143,0.0,0.0,1
477,0.2941176470588235,0.2697259821723341,1.0,0.3333333333333333,0.10714285714285715,0.0,0.0,1
478,0.1176470588235294,0.04330362055683944,0.6666666666666667,1.0,0.35714285714285715,0.0,0.0,1
479,0.16176470588235292,0.0675690546935182,1.0,1.0,0.44642857142857145,0.3333333333333333,1.0,1
480,0.1176470588235294,0.18284362275778587,0.0,0.0,0.07142857142857145,0.0,0.0,1
481,0.2941176470588235,0.052327500825354895,1.0,0.0,0.125,0.0,0.0,1
482,0.38235294117647056,0.18553978210630573,1.0,1.0,0.6785714285714286,0.3333333333333333,0.0,1
483,0.16176470588235292,0.03906679872345109,0.6666666666666667,0.3333333333333333,0.19642857142857145,0.3333333333333333,0.0,1
484,0.1176470588235294,0.05023660173874765,1.0,1.0,0.44642857142857145,0.0,0.0,1
485,0.029411764705882346,0.052767690106745896,1.0,1.0,0.49999999999999994,0.0,0.0,2
486,0.1176470588235294,0.15555188731154398,0.3333333333333333,1.0,0.5892857142857142,0.0,0.0,1
487,0.2941176470588235,0.19296797622977882,1.0,1.0,0.7678571428571428,0.0,0.0,1
488,0.08823529411764706,0.06426763508308572,0.6666666666666667,0.3333333333333333,0.28571428571428575,0.0,0.0,1
489,0.029411764705882346,0.17981732144822274,0.3333333333333333,0.6666666666666667,0.125,0.0,0.0,1
490,0.1176470588235294,0.0926598437328051,0.3333333333333333,0.3333333333333333,0.125,0.3333333333333333,0.0,1
491,0.338235294117647,0.4439308902828216,0.3333333333333333,1.0,0.41071428571428575,0.3333333333333333,0.0,2
492,0.029411764705882346,0.05430835259161439,0.0,0.0,0.14285714285714285,0.3333333333333333,0.0,1
493,0.029411764705882346,0.0064927919005172245,1.0,1.0,0.33928571428571425,0.0,0.0,1
494,0.1176470588235294,0.10300429184549356,0.6666666666666667,0.3333333333333333,0.35714285714285715,0.3333333333333333,1.0,1
495,0.2941176470588235,0.15109497083746012,0.3333333333333333,1.0,0.01785714285714285,0.0,0.0,2
496,0.47058823529411764,0.48332783096731596,1.0,0.0,0.17857142857142855,0.0,0.0,2
497,0.2941176470588235,0.0734565863321228,1.0,0.6666666666666667,0.37499999999999994,0.3333333333333333,0.0,1
498,0.20588235294117646,0.05782986684274238,1.0,0.3333333333333333,0.23214285714285715,0.0,0.0,1
499,0.029411764705882346,0.05904038736656762,0.3333333333333333,1.0,0.16071428571428575,0.3333333333333333,1.0,1
500,0.2941176470588235,0.15808297567954221,1.0,0.0,0.14285714285714285,0.0,0.0,2
501,0.47058823529411764,0.2884890502916254,0.3333333333333333,1.0,0.41071428571428575,0.0,1.0,1
502,0.07352941176470588,0.0482007263123143,0.3333333333333333,1.0,0.5357142857142858,0.0,0.0,1
503,0.2941176470588235,0.05315285572796302,1.0,1.0,0.33928571428571425,0.3333333333333333,1.0,2
504,0.2941176470588235,0.052657642786398146,1.0,1.0,0.0892857142857143,0.0,0.0,2
505,0.08823529411764706,0.05827005612413337,1.0,1.0,0.14285714285714285,0.0,0.0,2
506,0.16176470588235292,0.11609992296687575,0.3333333333333333,0.3333333333333333,0.30357142857142855,0.0,0.0,1
507,0.16176470588235292,0.3631561571475735,0.0,0.3333333333333333,0.26785714285714285,0.0,1.0,2
508,0.2941176470588235,0.06399251678221635,1.0,0.3333333333333333,0.16071428571428575,0.0,0.0,1
509,0.5147058823529411,0.4587872785297678,1.0,0.3333333333333333,0.46428571428571425,0.0,0.0,1
510,0.1176470588235294,0.028007043028502255,1.0,0.3333333333333333,0.125,0.0,0.0,2
511,0.47058823529411764,0.24408495653130846,0.3333333333333333,0.3333333333333333,0.23214285714285715,0.0,0.0,1
512,0.16176470588235292,0.1340926598437328,0.3333333333333333,1.0,0.125,0.0,0.0,1
513,0.1176470588235294,0.018432926158248045,1.0,1.0,0.01785714285714285,0.3333333333333333,0.0,1
514,0.2941176470588235,0.1103224386486189,1.0,0.0,0.625,0.0,0.0,1
515,0.029411764705882346,0.019753494002421042,1.0,0.6666666666666667,0.32142857142857145,0.3333333333333333,0.0,1
516,0.029411764705882346,0.061131286453174866,0.3333333333333333,1.0,0.37499999999999994,0.0,1.0,1
517,0.47058823529411764,0.37839771101573677,0.3333333333333333,1.0,0.07142857142857145,0.3333333333333333,0.0,2
518,0.029411764705882346,0.052437548145702645,0.6666666666666667,0.3333333333333333,0.42857142857142855,0.0,0.0,1
519,0.029411764705882346,0.024760647078243648,1.0,1.0,0.30357142857142855,0.3333333333333333,0.0,1
520,0.2941176470588235,0.28925938153405967,0.6666666666666667,1.0,0.44642857142857145,0.3333333333333333,0.0,1
521,0.20588235294117646,0.16176956091119182,0.3333333333333333,0.3333333333333333,0.0892857142857143,0.0,0.0,2
522,0.6470588235294117,0.37795752173434577,0.6666666666666667,1.0,0.6071428571428572,0.3333333333333333,1.0,2
523,0.2941176470588235,0.1781666116430065,0.6666666666666667,1.0,0.07142857142857145,0.0,0.0,1
524,0.20588235294117646,0.04748541873005392,1.0,1.0,0.125,0.0,1.0,1
525,0.32352941176470584,0.42456256190161773,0.3333333333333333,0.6666666666666667,0.19642857142857145,0.3333333333333333,0.0,1
526,0.16176470588235292,0.07054033234290745,1.0,0.6666666666666667,0.21428571428571425,0.0,0.0,1
527,0.0,0.06894464619786508,0.3333333333333333,0.0,0.41071428571428575,0.3333333333333333,1.0,1
528,0.47058823529411764,0.11290855067679102,1.0,1.0,0.21428571428571425,0.0,0.0,2
529,0.029411764705882346,0.022669747991636405,0.6666666666666667,1.0,0.39285714285714285,0.0,1.0,1
530,0.47058823529411764,0.11131286453174864,0.6666666666666667,0.0,0.23214285714285715,0.3333333333333333,1.0,1
531,0.16176470588235292,0.13101133487399583,0.3333333333333333,1.0,0.16071428571428575,0.3333333333333333,0.0,2
532,0.1176470588235294,0.06894464619786508,1.0,1.0,0.39285714285714285,0.0,0.0,1
533,0.2941176470588235,0.05838010344448112,1.0,0.6666666666666667,0.125,0.0,0.0,1
534,0.2941176470588235,0.15709254979641246,1.0,0.3333333333333333,0.10714285714285715,0.3333333333333333,0.0,1
535,0.25,0.1138439528997469,0.3333333333333333,0.0,0.25000000000000006,0.0,0.0,2
536,0.029411764705882346,0.06184659403543523,1.0,0.6666666666666667,1.0,0.0,0.0,1
537,0.20588235294117646,0.18498954550456698,0.6666666666666667,1.0,0.32142857142857145,0.0,0.0,1
538,0.6470588235294117,0.41339275888632115,1.0,1.0,0.41071428571428575,0.0,0.0,2
539,0.20588235294117646,0.15401122482667548,0.0,0.0,0.46428571428571425,0.0,0.0,1
540,0.1176470588235294,0.0706503796632552,0.0,0.0,0.07142857142857145,0.0,0.0,2
541,0.2941176470588235,0.09805216242984482,1.0,1.0,0.7321428571428572,0.3333333333333333,0.0,1
542,0.38235294117647056,0.33564432706063607,1.0,1.0,0.21428571428571425,0.0,0.0,2
543,0.20588235294117646,0.14383184769450866,0.3333333333333333,0.0,0.26785714285714285,0.0,1.0,2
544,0.1176470588235294,0.05529877847474414,1.0,1.0,0.75,0.3333333333333333,0.0,1
545,0.2941176470588235,0.059590623968306375,1.0,0.3333333333333333,0.42857142857142855,0.3333333333333333,1.0,2
546,0.2941176470588235,0.09750192582810609,1.0,1.0,0.32142857142857145,0.0,0.0,1
547,0.2941176470588235,0.07164080554638494,0.6666666666666667,0.0,0.23214285714285715,0.0,1.0,1
548,0.1176470588235294,0.020688896225376913,1.0,1.0,0.0892857142857143,0.0,0.0,2
549,0.6470588235294117,0.473643666776714,0.3333333333333333,0.0,0.28571428571428575,0.3333333333333333,0.0,1
550,0.1176470588235294,0.04104765048971058,1.0,1.0,0.07142857142857145,0.3333333333333333,0.0,1
551,0.029411764705882346,0.08253549026081215,0.3333333333333333,1.0,0.46428571428571425,0.0,1.0,1
552,0.6470588235294117,0.3713546825134808,0.0,0.0,0.26785714285714285,0.3333333333333333,0.0,2
553,0.1176470588235294,0.09601628700341147,1.0,0.0,0.14285714285714285,0.0,0.0,1
554,0.07352941176470588,0.052217453505007144,1.0,1.0,0.8571428571428572,0.3333333333333333,0.0,1
555,0.1176470588235294,0.059480576647958625,0.3333333333333333,0.0,0.0535714285714286,0.0,0.0,2
556,0.20588235294117646,0.11158798283261802,0.6666666666666667,0.6666666666666667,0.16071428571428575,0.3333333333333333,0.0,2
557,0.25,0.26152745680642675,0.0,1.0,0.17857142857142855,0.3333333333333333,0.0,2
558,0.2941176470588235,0.1816881258941345,0.6666666666666667,1.0,0.14285714285714285,0.0,0.0,2
559,0.20588235294117646,0.09232970177176185,0.3333333333333333,0.3333333333333333,0.21428571428571425,0.3333333333333333,0.0,2
560,0.2941176470588235,0.14933421371189612,1.0,1.0,0.5357142857142858,0.0,1.0,1
561,0.2941176470588235,0.07131066358534169,1.0,1.0,0.0892857142857143,0.0,0.0,2
562,0.029411764705882346,0.023825244855287777,0.3333333333333333,0.0,0.17857142857142855,0.0,0.0,1
563,0.47058823529411764,0.6679322108506658,0.0,1.0,0.32142857142857145,0.0,0.0,2
564,0.2941176470588235,0.24551557169582922,1.0,0.3333333333333333,0.32142857142857145,0.3333333333333333,0.0,1
565,0.2941176470588235,0.07169582920655881,0.6666666666666667,0.3333333333333333,0.07142857142857145,0.3333333333333333,0.0,1
566,0.1176470588235294,0.06173654671508748,0.3333333333333333,0.6666666666666667,0.30357142857142855,0.0,0.0,2
567,0.2941176470588235,0.12809508088478047,0.3333333333333333,0.3333333333333333,0.26785714285714285,0.0,0.0,1
568,0.6470588235294117,0.20518322878837902,1.0,0.0,0.39285714285714285,0.3333333333333333,1.0,1
569,0.6470588235294117,0.358093980411577,0.6666666666666667,0.3333333333333333,0.21428571428571425,0.0,0.0,2
570,0.2941176470588235,0.1641906019588423,1.0,1.0,0.07142857142857145,0.0,0.0,2
571,0.38235294117647056,0.3138549576317817,0.6666666666666667,0.3333333333333333,0.33928571428571425,0.0,0.0,1
572,0.2941176470588235,0.2851876306811929,0.3333333333333333,1.0,0.125,0.0,0.0,1
573,0.16176470588235292,0.030593155056674374,1.0,1.0,0.0535714285714286,0.0,0.0,1
574,0.07352941176470588,0.045779685264663805,1.0,1.0,0.14285714285714285,0.3333333333333333,0.0,1
575,0.16176470588235292,0.13965004952129417,0.3333333333333333,0.6666666666666667,0.0892857142857143,0.3333333333333333,0.0,1
576,0.1176470588235294,0.1474634092659844,0.3333333333333333,0.0,0.14285714285714285,0.0,0.0,1
577,0.2941176470588235,0.09227467811158797,0.6666666666666667,0.3333333333333333,0.25000000000000006,0.3333333333333333,0.0,1
578,0.47058823529411764,0.14141080664685815,1.0,1.0,0.14285714285714285,0.3333333333333333,0.0,2
579,0.2941176470588235,0.03780125453945196,1.0,0.6666666666666667,0.14285714285714285,0.3333333333333333,0.0,1
580,0.20588235294117646,0.044349070100143065,0.6666666666666667,0.6666666666666667,0.19642857142857145,0.3333333333333333,0.0,2
581,0.1176470588235294,0.1581379993397161,0.0,0.6666666666666667,0.5357142857142858,0.3333333333333333,1.0,1
582,0.07352941176470588,0.06261692527786948,1.0,0.3333333333333333,0.125,0.0,0.0,1
583,0.47058823529411764,0.11742049081104876,1.0,0.0,0.25000000000000006,0.0,0.0,2
584,0.1176470588235294,0.10360955210740619,1.0,1.0,0.5892857142857142,0.0,0.0,1
585,0.20588235294117646,0.09843732805106195,0.0,1.0,0.01785714285714285,0.0,0.0,2
586,0.07352941176470588,0.1402553097832068,0.3333333333333333,0.3333333333333333,0.30357142857142855,0.3333333333333333,1.0,1
587,0.1176470588235294,0.05716958292065588,1.0,0.0,0.035714285714285754,0.0,0.0,1
588,0.20588235294117646,0.0532078793881369,1.0,0.6666666666666667,0.49999999999999994,0.0,0.0,2
589,0.1176470588235294,0.10982722570705403,0.6666666666666667,0.6666666666666667,0.7321428571428572,0.3333333333333333,0.0,2
590,0.1176470588235294,0.007428194123473095,1.0,0.6666666666666667,0.6964285714285714,1.0,0.0,1
591,0.2941176470588235,0.09436557719819522,1.0,1.0,0.41071428571428575,0.3333333333333333,0.0,1
592,0.25,0.07274127874986244,1.0,1.0,0.30357142857142855,0.0,0.0,1
593,0.2941176470588235,0.13579839330912294,0.6666666666666667,1.0,0.01785714285714285,0.0,0.0,2
594,0.2941176470588235,0.06096621547265324,1.0,0.6666666666666667,0.37499999999999994,0.0,0.0,2
595,0.029411764705882346,0.03747111257840871,0.0,0.0,0.23214285714285715,0.0,0.0,2
596,0.2941176470588235,0.06558820292725871,1.0,1.0,0.07142857142857145,0.3333333333333333,0.0,2
597,0.2941176470588235,0.2195994277539342,0.0,1.0,0.30357142857142855,0.6666666666666667,0.0,2
598,0.20588235294117646,0.1389347419390338,0.3333333333333333,0.3333333333333333,0.21428571428571425,0.3333333333333333,0.0,2
599,0.2941176470588235,0.19880048420820953,0.0,0.3333333333333333,0.23214285714285715,0.0,0.0,1
600,0.044117647058823525,0.11439418950148562,0.0,0.0,0.46428571428571425,0.0,0.0,1
601,0.07352941176470588,0.03675580499614835,1.0,0.0,0.19642857142857145,0.0,0.0,2
602,0.2941176470588235,0.08732254869593925,1.0,1.0,0.26785714285714285,0.0,0.0,2
603,0.47058823529411764,0.17051832287883792,1.0,0.3333333333333333,0.16071428571428575,0.0,0.0,2
604,0.08823529411764706,0.05639925167822163,1.0,0.3333333333333333,0.07142857142857145,0.0,0.0,1
605,0.2941176470588235,0.14185099592824915,1.0,1.0,0.0535714285714286,0.0,0.0,1
606,0.2941176470588235,0.23528117090348852,0.6666666666666667,0.3333333333333333,0.9821428571428572,0.0,0.0,1
607,0.47058823529411764,0.13321228128095083,1.0,1.0,0.5535714285714286,0.0,0.0,2
608,0.20588235294117646,0.09909761197314845,1.0,0.0,0.25000000000000006,0.0,0.0,1
609,0.16176470588235292,0.05777484318256851,1.0,1.0,0.46428571428571425,0.0,1.0,1
610,0.1176470588235294,0.02701661714537251,1.0,0.6666666666666667,0.0535714285714286,0.0,0.0,2
611,0.08823529411764706,0.05447342357213601,0.0,1.0,0.5178571428571428,0.0,1.0,2
612,0.25,0.17095851216022892,1.0,0.3333333333333333,0.17857142857142855,0.0,0.0,1
613,0.2941176470588235,0.18609001870804448,0.0,1.0,0.0535714285714286,0.0,0.0,1
614,0.20588235294117646,0.08572686255089688,1.0,0.0,0.0535714285714286,0.0,0.0,2
615,0.6470588235294117,0.6577528337184989,0.3333333333333333,0.3333333333333333,0.5178571428571428,0.0,0.0,1
616,0.8235294117647058,0.4900957411687025,0.3333333333333333,0.3333333333333333,0.14285714285714285,0.0,0.0,1
617,0.029411764705882346,0.18851105975569496,0.0,0.6666666666666667,0.32142857142857145,0.6666666666666667,1.0,1
618,0.38235294117647056,0.17558049961483438,0.3333333333333333,1.0,0.035714285714285754,0.0,0.0,2
619,0.1176470588235294,0.02145922746781116,1.0,0.3333333333333333,0.5357142857142858,0.0,0.0,1
620,0.25,0.18719049191152196,0.3333333333333333,0.6666666666666667,0.14285714285714285,0.3333333333333333,0.0,1
621,0.20588235294117646,0.0704302850225597,0.6666666666666667,0.3333333333333333,0.23214285714285715,0.3333333333333333,0.0,2
622,0.6470588235294117,0.20160669087707717,1.0,0.3333333333333333,0.33928571428571425,0.0,0.0,2
623,0.1176470588235294,0.08847804555959062,1.0,0.0,0.0535714285714286,0.0,0.0,1
624,0.20588235294117646,0.12930560140860572,1.0,1.0,0.8214285714285714,0.3333333333333333,0.0,2
625,0.16176470588235292,0.09513590844062947,1.0,0.3333333333333333,0.28571428571428575,0.0,0.0,1
626,0.029411764705882346,0.10267414988445031,0.3333333333333333,0.3333333333333333,0.39285714285714285,0.0,0.0,1
627,0.07352941176470588,0.06531308462638935,0.3333333333333333,0.6666666666666667,0.17857142857142855,0.0,0.0,2
628,0.5588235294117647,0.20864971937933313,1.0,1.0,0.30357142857142855,0.3333333333333333,0.0,1
629,0.07352941176470588,0.19709475074281943,0.0,1.0,0.8035714285714286,0.0,0.0,1
630,0.2941176470588235,0.18763068119291296,0.3333333333333333,1.0,0.16071428571428575,0.0,0.0,1
631,0.20588235294117646,0.07169582920655881,1.0,0.6666666666666667,0.44642857142857145,0.0,0.0,2
632,0.16176470588235292,0.06569825024760646,1.0,0.0,0.07142857142857145,0.0,0.0,1
633,0.07352941176470588,0.09519093210080334,0.3333333333333333,0.3333333333333333,0.0,0.3333333333333333,0.0,2
634,0.2941176470588235,0.060801144492131615,0.6666666666666667,1.0,0.10714285714285715,0.0,0.0,2
635,0.1176470588235294,0.06289204357873886,1.0,1.0,0.49999999999999994,0.6666666666666667,1.0,1
636,0.2941176470588235,0.06195664135578298,1.0,0.0,0.16071428571428575,0.0,0.0,1
637,0.8235294117647058,0.847529437658193,0.3333333333333333,1.0,0.035714285714285754,0.3333333333333333,0.0,1
638,0.1176470588235294,0.06839440959612633,1.0,0.6666666666666667,0.26785714285714285,0.0,1.0,1
639,0.5588235294117647,0.22669747991636405,0.6666666666666667,0.3333333333333333,0.125,0.3333333333333333,1.0,2
640,0.20588235294117646,0.027511830086937385,1.0,0.0,0.14285714285714285,0.0,0.0,2
641,0.16176470588235292,0.058215032463959496,1.0,1.0,0.33928571428571425,0.3333333333333333,0.0,1
642,0.16176470588235292,0.24061846594035435,0.6666666666666667,0.3333333333333333,0.37499999999999994,0.0,0.0,2
643,0.2941176470588235,0.0880928799383735,1.0,0.3333333333333333,0.25000000000000006,0.3333333333333333,0.0,1
644,0.20588235294117646,0.08968856608341587,1.0,0.0,0.23214285714285715,0.3333333333333333,0.0,1
645,0.47058823529411764,0.425332893144052,1.0,1.0,0.14285714285714285,0.3333333333333333,0.0,2
646,0.38235294117647056,0.23841751953339935,0.3333333333333333,0.3333333333333333,0.23214285714285715,0.3333333333333333,0.0,1
647,0.1176470588235294,0.06250687795752173,0.3333333333333333,0.3333333333333333,0.125,0.0,0.0,2
648,0.2941176470588235,0.03835149114119071,1.0,0.6666666666666667,0.33928571428571425,0.0,1.0,2
649,0.1176470588235294,0.023880268515461652,1.0,1.0,0.37499999999999994,0.0,1.0,2
650,0.6470588235294117,0.39760096841641906,1.0,0.0,0.5535714285714286,0.0,0.0,1
651,0.1176470588235294,0.09199955981071861,1.0,0.3333333333333333,0.32142857142857145,0.0,0.0,2
652,0.2941176470588235,0.1129635743369649,1.0,0.0,0.46428571428571425,0.0,0.0,2
653,0.47058823529411764,0.4311654011224827,0.3333333333333333,1.0,0.41071428571428575,1.0,0.0,2
654,0.2941176470588235,0.1153295917244415,1.0,0.6666666666666667,0.28571428571428575,0.3333333333333333,0.0,1
655,0.14705882352941174,0.20485308682733577,0.0,1.0,0.0535714285714286,0.0,0.0,1
656,0.1176470588235294,0.035105095190932106,1.0,1.0,0.39285714285714285,0.0,1.0,2
657,0.6470588235294117,0.5486959392538792,1.0,0.6666666666666667,0.32142857142857145,0.0,0.0,1
658,0.38235294117647056,0.2184989545504567,0.3333333333333333,0.0,0.16071428571428575,0.3333333333333333,0.0,1
659,0.20588235294117646,0.3362495873225487,0.3333333333333333,0.0,0.39285714285714285,0.0,0.0,1
660,0.1176470588235294,0.05760977220204688,0.6666666666666667,1.0,0.07142857142857145,0.0,0.0,1
661,0.1176470588235294,0.035765379113018594,1.0,0.3333333333333333,0.07142857142857145,0.0,0.0,2
662,0.25,0.10955210740618465,1.0,0.3333333333333333,0.5535714285714286,0.3333333333333333,0.0,1
663,0.029411764705882346,0.044018928139099814,1.0,0.0,0.28571428571428575,0.3333333333333333,0.0,1
664,0.029411764705882346,0.04385385715857819,0.3333333333333333,1.0,0.5535714285714286,0.0,0.0,1
665,0.2941176470588235,0.3336634752943766,1.0,0.3333333333333333,0.14285714285714285,0.3333333333333333,0.0,1
666,0.38235294117647056,0.1786068009243975,1.0,0.3333333333333333,0.26785714285714285,0.0,1.0,1
667,0.6470588235294117,0.18482447452404535,0.0,0.0,0.14285714285714285,0.0,0.0,1
668,0.1176470588235294,0.25272367117860683,0.6666666666666667,1.0,0.42857142857142855,0.3333333333333333,0.0,2
669,0.38235294117647056,0.1522504677011115,1.0,1.0,0.49999999999999994,0.0,0.0,1
670,0.2941176470588235,0.21398701441619897,0.6666666666666667,0.6666666666666667,0.14285714285714285,0.3333333333333333,0.0,1
671,0.47058823529411764,0.30218994167492025,0.3333333333333333,0.3333333333333333,0.21428571428571425,0.3333333333333333,0.0,1
672,0.8235294117647058,0.5566193463189171,0.3333333333333333,1.0,0.41071428571428575,0.0,0.0,1
673,0.029411764705882346,0.10069329811819082,0.0,0.3333333333333333,0.0892857142857143,0.0,0.0,1
674,0.25,0.12820512820512822,1.0,0.3333333333333333,0.39285714285714285,0.0,1.0,2
675,0.38235294117647056,0.23550126554418402,1.0,1.0,0.125,0.0,0.0,1
676,0.2941176470588235,0.26961593485198637,1.0,1.0,0.25000000000000006,0.0,0.0,1
677,1.0,0.2941014636293606,0.3333333333333333,0.3333333333333333,0.0892857142857143,0.0,0.0,2
678,0.2941176470588235,0.11742049081104876,1.0,1.0,0.8035714285714286,0.0,0.0,1
679,0.20588235294117646,0.06619346318917134,0.6666666666666667,0.0,0.125,0.0,0.0,1
680,0.029411764705882346,0.0708704743039507,0.0,0.3333333333333333,0.6607142857142858,0.0,0.0,1
681,0.1176470588235294,0.1116430064927919,1.0,1.0,0.32142857142857145,0.0,0.0,1
682,0.16176470588235292,0.0675690546935182,1.0,0.6666666666666667,0.25000000000000006,0.3333333333333333,0.0,1
683,0.2941176470588235,0.26702982282381427,0.6666666666666667,0.6666666666666667,0.49999999999999994,0.6666666666666667,0.0,1
684,0.47058823529411764,0.5286123032904149,0.0,0.6666666666666667,0.21428571428571425,0.3333333333333333,1.0,1
685,0.8235294117647058,0.3453835149114119,1.0,1.0,0.26785714285714285,0.0,1.0,1
686,0.08823529411764706,0.06036095521074061,1.0,0.3333333333333333,0.14285714285714285,0.3333333333333333,0.0,1
687,0.47058823529411764,0.1437218003741609,1.0,0.6666666666666667,0.19642857142857145,0.0,0.0,1
688,0.07352941176470588,0.13772422141520854,0.6666666666666667,1.0,0.28571428571428575,0.0,0.0,1
689,0.1176470588235294,0.18713546825134808,0.0,0.6666666666666667,0.21428571428571425,0.0,1.0,1
690,0.16176470588235292,0.039892153626059204,0.3333333333333333,0.6666666666666667,0.10714285714285715,0.3333333333333333,0.0,1
691,0.16176470588235292,0.13101133487399583,0.6666666666666667,0.3333333333333333,0.10714285714285715,0.0,0.0,1
692,0.2941176470588235,0.14559260482007264,0.3333333333333333,0.0,0.17857142857142855,0.0,0.0,1
693,0.029411764705882346,0.24573566633652472,0.0,0.6666666666666667,0.44642857142857145,0.3333333333333333,1.0,1
694,0.2941176470588235,0.11191812479366127,1.0,0.3333333333333333,0.16071428571428575,0.0,0.0,1
695,0.029411764705882346,0.05425332893144051,0.3333333333333333,1.0,0.5535714285714286,0.0,0.0,1
696,0.1176470588235294,0.04693518212831517,1.0,0.6666666666666667,0.17857142857142855,0.3333333333333333,0.0,1
697,0.1176470588235294,0.03719599427753935,0.0,0.3333333333333333,0.33928571428571425,0.0,0.0,1
698,0.20588235294117646,0.08528667326950588,1.0,0.3333333333333333,0.0892857142857143,0.3333333333333333,0.0,1
699,0.16176470588235292,0.09106415758776273,1.0,1.0,0.37499999999999994,0.0,0.0,1
700,0.1176470588235294,0.04803565533179267,1.0,1.0,0.17857142857142855,0.0,0.0,2
701,0.6470588235294117,0.33459887751733247,1.0,1.0,0.48214285714285715,0.3333333333333333,0.0,2
702,0.2941176470588235,0.062011665015956854,1.0,0.3333333333333333,0.49999999999999994,0.0,0.0,1
703,0.38235294117647056,0.12396830637173985,1.0,0.3333333333333333,0.39285714285714285,0.3333333333333333,0.0,1
704,0.338235294117647,0.12534389787608674,1.0,0.0,0.23214285714285715,0.0,1.0,1
705,0.16176470588235292,0.2791900517222406,0.0,1.0,0.28571428571428575,0.0,0.0,1
706,0.6470588235294117,0.3471992956971498,0.6666666666666667,0.3333333333333333,0.0892857142857143,0.0,0.0,2
707,0.1176470588235294,0.1496093320127655,1.0,0.6666666666666667,0.10714285714285715,0.3333333333333333,0.0,2
708,0.07352941176470588,0.05260261912622427,1.0,1.0,0.10714285714285715,0.0,0.0,1
709,0.07352941176470588,0.10278419720479806,0.3333333333333333,0.3333333333333333,0.32142857142857145,0.0,1.0,1
710,0.20588235294117646,0.02085396720589854,1.0,0.6666666666666667,0.23214285714285715,0.3333333333333333,0.0,1
711,0.029411764705882346,0.05216242984483327,1.0,1.0,0.28571428571428575,0.0,0.0,2
712,0.25,0.12248266754704522,1.0,1.0,0.48214285714285715,0.0,0.0,1
713,0.07352941176470588,0.04886101023440079,1.0,1.0,0.10714285714285715,0.3333333333333333,0.0,1
714,0.8235294117647058,0.7580609662154726,1.0,0.3333333333333333,0.14285714285714285,0.0,0.0,2
715,0.38235294117647056,0.40420380763728403,0.0,1.0,0.7857142857142858,0.3333333333333333,0.0,1
716,0.38235294117647056,0.15555188731154398,0.6666666666666667,0.3333333333333333,0.37499999999999994,0.3333333333333333,1.0,1
717,0.20588235294117646,0.06905469351821283,1.0,0.3333333333333333,0.23214285714285715,0.0,0.0,1
718,0.2941176470588235,0.1594585671838891,0.6666666666666667,0.3333333333333333,0.21428571428571425,0.3333333333333333,0.0,1
719,0.23529411764705882,0.3245295477055134,0.6666666666666667,1.0,0.21428571428571425,0.3333333333333333,0.0,1
720,0.07352941176470588,0.05981071860900186,1.0,0.3333333333333333,0.26785714285714285,0.3333333333333333,0.0,2
721,0.029411764705882346,0.010069329811819083,1.0,0.3333333333333333,0.0892857142857143,0.0,1.0,2
722,0.1176470588235294,0.053813139650049524,1.0,0.3333333333333333,0.0892857142857143,0.0,0.0,2
723,0.07352941176470588,0.02971277649389237,1.0,0.6666666666666667,0.8392857142857144,0.0,0.0,1
724,0.338235294117647,0.12765489160338947,0.6666666666666667,0.6666666666666667,0.035714285714285754,0.0,0.0,2
725,0.029411764705882346,0.0,0.3333333333333333,0.3333333333333333,0.39285714285714285,0.3333333333333333,0.0,1
726,0.16176470588235292,0.0586552217453505,0.3333333333333333,0.3333333333333333,0.49999999999999994,0.3333333333333333,0.0,1
727,0.20588235294117646,0.08979861340376362,1.0,1.0,0.10714285714285715,0.3333333333333333,0.0,2
728,0.6470588235294117,0.33927588863211183,1.0,0.6666666666666667,0.7142857142857144,0.0,0.0,2
729,0.2941176470588235,0.05639925167822163,0.3333333333333333,1.0,0.30357142857142855,0.3333333333333333,0.0,1
730,0.2941176470588235,0.33856058104985143,0.0,0.3333333333333333,0.25000000000000006,0.0,0.0,1
731,0.2941176470588235,0.09557609772202047,0.3333333333333333,1.0,0.035714285714285754,0.0,1.0,2
732,0.058823529411764705,0.02806206668867613,1.0,0.3333333333333333,0.44642857142857145,0.0,0.0,1
733,0.2941176470588235,0.12947067238912735,0.3333333333333333,1.0,0.16071428571428575,0.0,0.0,1
734,0.0,0.17222405634422802,0.0,0.0,0.32142857142857145,0.0,1.0,1
735,0.47058823529411764,0.20578848905029165,0.6666666666666667,0.3333333333333333,0.17857142857142855,0.0,0.0,1
736,0.2941176470588235,0.6223175965665235,0.0,1.0,0.07142857142857145,0.3333333333333333,0.0,2
737,0.20588235294117646,0.2272477165181028,0.6666666666666667,1.0,0.28571428571428575,0.0,1.0,1
738,0.029411764705882346,0.3582590513920986,0.0,0.6666666666666667,0.46428571428571425,0.3333333333333333,1.0,1
739,0.38235294117647056,0.2217453505007153,1.0,1.0,0.125,0.3333333333333333,0.0,2
740,0.2941176470588235,0.11417409486079015,0.3333333333333333,0.6666666666666667,0.23214285714285715,0.0,0.0,1
741,0.08823529411764706,0.043908880818752064,1.0,1.0,0.07142857142857145,0.0,0.0,1
742,0.25,0.16011885110597557,1.0,0.6666666666666667,0.39285714285714285,0.0,0.0,1
743,0.2941176470588235,0.12286783316826234,1.0,1.0,0.0535714285714286,0.0,0.0,1
744,0.5147058823529411,0.7664245625619016,1.0,1.0,0.19642857142857145,0.3333333333333333,0.0,1
745,0.13235294117647056,0.08512160228898426,0.6666666666666667,0.0,0.16071428571428575,0.3333333333333333,0.0,1
746,0.16176470588235292,0.12440849565313085,0.0,1.0,0.07142857142857145,0.0,0.0,1
747,0.1176470588235294,0.056344228018047754,0.6666666666666667,0.0,0.32142857142857145,0.0,0.0,2
748,0.25,0.2750082535490261,0.0,0.6666666666666667,0.125,0.0,0.0,1
749,0.16176470588235292,0.15291075162319798,0.3333333333333333,0.3333333333333333,0.25000000000000006,0.0,0.0,1
750,0.029411764705882346,0.00979421151094971,0.3333333333333333,0.0,0.5357142857142858,0.0,0.0,1
751,0.20588235294117646,0.03994717728623308,0.0,0.3333333333333333,0.07142857142857145,0.0,0.0,2
752,0.1176470588235294,0.03251898316275999,0.3333333333333333,1.0,0.07142857142857145,0.0,0.0,1
753,0.38235294117647056,0.3037856278199626,1.0,0.3333333333333333,0.10714285714285715,0.3333333333333333,0.0,1
754,0.1176470588235294,0.07180587652690656,1.0,1.0,0.6428571428571428,0.3333333333333333,1.0,2
755,0.2941176470588235,0.05694948827996038,1.0,1.0,0.23214285714285715,0.0,0.0,2
756,0.029411764705882346,0.05771981952239463,0.0,0.0,0.9821428571428572,0.6666666666666667,1.0,1
757,0.16176470588235292,0.05617915703752613,0.6666666666666667,1.0,0.35714285714285715,0.3333333333333333,0.0,2
758,0.2941176470588235,0.06289204357873886,0.3333333333333333,0.3333333333333333,0.21428571428571425,0.0,0.0,1
759,0.1176470588235294,0.02426543413667877,1.0,0.6666666666666667,0.28571428571428575,0.3333333333333333,0.0,2
760,0.16176470588235292,0.2638384505337295,0.0,1.0,0.7142857142857144,0.0,0.0,1
761,0.20588235294117646,0.10311433916584131,1.0,1.0,0.0892857142857143,0.3333333333333333,0.0,2
762,0.1176470588235294,0.10806646858149004,1.0,0.6666666666666667,0.0892857142857143,0.0,0.0,1
763,0.25,0.6839440959612633,1.0,1.0,0.19642857142857145,0.0,0.0,2
764,0.2941176470588235,0.12176735996478487,1.0,0.6666666666666667,0.14285714285714285,0.3333333333333333,0.0,1
765,0.1176470588235294,0.049796412457356665,0.6666666666666667,0.6666666666666667,0.37499999999999994,0.3333333333333333,0.0,1
766,0.38235294117647056,0.1572576207769341,0.3333333333333333,1.0,0.21428571428571425,0.0,0.0,2
767,0.08823529411764706,0.145867723120942,0.0,1.0,0.21428571428571425,0.0,0.0,1
768,0.1176470588235294,0.18526466380543635,0.0,1.0,0.16071428571428575,0.6666666666666667,0.0,1
769,0.1176470588235294,0.07730824254429404,0.3333333333333333,1.0,0.7857142857142858,0.3333333333333333,0.0,1
770,0.2941176470588235,0.14097061736546715,0.3333333333333333,1.0,0.125,0.0,0.0,1
771,0.47058823529411764,0.4300099042588313,0.6666666666666667,0.3333333333333333,0.10714285714285715,0.3333333333333333,0.0,2
772,0.25,0.16644657202597118,0.0,1.0,0.30357142857142855,0.0,0.0,1
773,0.2941176470588235,0.10856168152305491,1.0,1.0,0.5892857142857142,0.3333333333333333,0.0,1
774,0.1176470588235294,0.06767910201386595,0.3333333333333333,1.0,0.8392857142857144,0.6666666666666667,0.0,1
775,0.2941176470588235,0.06168152305491362,1.0,1.0,0.10714285714285715,0.0,0.0,2
776,0.47058823529411764,0.18075272367117862,1.0,1.0,0.32142857142857145,0.3333333333333333,0.0,1
777,0.20588235294117646,0.17932210850665786,1.0,0.0,0.10714285714285715,0.0,0.0,1
778,0.47058823529411764,0.3004842082095301,1.0,0.3333333333333333,0.33928571428571425,0.3333333333333333,0.0,1
779,0.20588235294117646,0.1992956971497744,0.3333333333333333,1.0,0.8571428571428572,0.0,0.0,1
780,0.5147058823529411,0.25767580059425554,0.3333333333333333,0.3333333333333333,0.10714285714285715,0.3333333333333333,0.0,2
781,0.2941176470588235,0.09298998569384835,1.0,1.0,0.7321428571428572,0.0,0.0,1
782,0.1176470588235294,0.06382744580169472,0.3333333333333333,0.3333333333333333,0.21428571428571425,0.0,0.0,1
783,0.1176470588235294,0.03224386486189061,1.0,0.3333333333333333,0.07142857142857145,0.0,0.0,2
784,0.23529411764705882,0.3421371189611533,0.0,1.0,0.7321428571428572,0.0,0.0,1
785,0.20588235294117646,0.09304500935402223,1.0,0.3333333333333333,0.28571428571428575,0.0,0.0,1
786,0.2647058823529412,0.1334323759216463,0.6666666666666667,1.0,0.37499999999999994,0.0,0.0,1
787,0.6470588235294117,0.1376141740948608,1.0,0.6666666666666667,0.33928571428571425,0.3333333333333333,1.0,1
788,0.6470588235294117,0.32871134587872786,1.0,1.0,0.5535714285714286,0.0,0.0,2
789,0.5294117647058824,0.3162759986794322,1.0,0.6666666666666667,0.14285714285714285,0.0,0.0,2
790,0.25,0.05161219324309453,0.3333333333333333,1.0,0.35714285714285715,0.0,1.0,2
791,0.2941176470588235,0.3336084516342027,0.6666666666666667,1.0,0.39285714285714285,0.0,1.0,1
792,0.029411764705882346,0.0534279740288324,0.0,0.3333333333333333,0.14285714285714285,0.3333333333333333,0.0,1
793,0.2941176470588235,0.14537251017937713,0.6666666666666667,1.0,0.5714285714285714,0.0,0.0,1
794,0.2941176470588235,0.15472653240893586,1.0,0.6666666666666667,0.23214285714285715,0.0,0.0,1
795,0.07352941176470588,0.11285352701661715,0.3333333333333333,1.0,0.0535714285714286,0.0,0.0,1
796,0.20588235294117646,0.39952679652250467,0.0,1.0,0.5714285714285714,0.0,1.0,2
797,0.1176470588235294,0.055463849455265765,0.3333333333333333,1.0,0.0535714285714286,0.3333333333333333,0.0,1
798,0.2941176470588235,0.02569604930119952,1.0,1.0,0.625,0.3333333333333333,0.0,1
799,0.07352941176470588,0.07147573456586331,1.0,0.3333333333333333,0.28571428571428575,0.0,0.0,1
800,0.2941176470588235,0.07411687025420931,1.0,1.0,0.625,0.3333333333333333,1.0,1
801,0.20588235294117646,0.08501155496863651,0.6666666666666667,1.0,0.5178571428571428,0.3333333333333333,0.0,1
802,0.23529411764705882,0.2213051612193243,0.0,1.0,0.0892857142857143,0.3333333333333333,0.0,1
803,0.1176470588235294,0.03994717728623308,1.0,1.0,0.28571428571428575,0.3333333333333333,0.0,1
804,0.1176470588235294,0.39738087377572356,0.0,0.3333333333333333,0.0892857142857143,0.0,0.0,1
805,0.47058823529411764,0.49636843842852424,0.3333333333333333,0.0,0.0892857142857143,0.0,0.0,2
806,0.029411764705882346,0.01870804445911742,0.6666666666666667,0.6666666666666667,0.125,0.0,0.0,1
807,0.1176470588235294,0.037416088918234836,1.0,1.0,0.8214285714285714,1.0,0.0,1
808,0.5588235294117647,0.49702872235061074,0.0,0.3333333333333333,0.6428571428571428,0.0,0.0,1
809,0.16176470588235292,0.08407615274568064,0.3333333333333333,0.0,0.125,0.3333333333333333,0.0,2
810,0.058823529411764705,0.03615054473423572,0.6666666666666667,0.3333333333333333,0.125,0.0,0.0,1
811,0.029411764705882346,0.012875536480686695,0.6666666666666667,0.6666666666666667,0.16071428571428575,0.0,0.0,1
812,0.47058823529411764,0.5160669087707714,1.0,1.0,0.0892857142857143,0.3333333333333333,0.0,2
813,0.6470588235294117,0.15412127214702323,0.6666666666666667,1.0,0.625,0.0,0.0,2
814,0.6470588235294117,0.20254209310003302,1.0,1.0,0.48214285714285715,0.0,1.0,2
815,0.47058823529411764,0.39517992736876856,0.3333333333333333,0.3333333333333333,0.625,0.0,0.0,1
816,0.029411764705882346,0.05986574226917574,0.0,1.0,0.7678571428571428,0.0,0.0,1
817,0.029411764705882346,0.07175085286673269,0.0,0.3333333333333333,0.0892857142857143,0.3333333333333333,0.0,1
818,0.47058823529411764,0.8587542643336634,0.3333333333333333,0.6666666666666667,0.42857142857142855,0.0,0.0,1
819,0.20588235294117646,0.06025090789039286,1.0,0.6666666666666667,0.125,0.0,0.0,2
820,0.1176470588235294,0.04682513480796743,0.6666666666666667,0.3333333333333333,0.14285714285714285,0.3333333333333333,0.0,1
821,0.1176470588235294,0.15219544404093763,0.6666666666666667,0.0,0.0892857142857143,0.0,0.0,1
822,0.47058823529411764,0.1354682513480797,0.3333333333333333,0.3333333333333333,0.39285714285714285,0.0,1.0,2
823,0.058823529411764705,0.026466380543633764,1.0,1.0,0.49999999999999994,0.3333333333333333,0.0,1
824,0.20588235294117646,0.19423352041377795,0.6666666666666667,0.3333333333333333,0.28571428571428575,0.3333333333333333,0.0,1
825,0.25,0.07439198855507868,1.0,0.6666666666666667,0.19642857142857145,0.3333333333333333,0.0,1
826,0.20588235294117646,0.20446792120611865,0.0,1.0,0.25000000000000006,0.6666666666666667,0.0,2
827,0.20588235294117646,0.21541762958071972,0.3333333333333333,0.3333333333333333,0.30357142857142855,0.3333333333333333,1.0,2
828,0.47058823529411764,0.44486629250577747,0.6666666666666667,1.0,0.49999999999999994,0.0,0.0,2
829,0.6470588235294117,0.3538571585781886,1.0,1.0,0.33928571428571425,0.0,1.0,1
830,0.2941176470588235,0.11692527786948388,1.0,0.3333333333333333,0.44642857142857145,0.3333333333333333,1.0,1
831,0.20588235294117646,0.05315285572796302,1.0,0.6666666666666667,0.07142857142857145,0.0,0.0,2
832,0.6029411764705882,0.6364036535710355,0.3333333333333333,1.0,0.17857142857142855,0.3333333333333333,0.0,2
833,0.2941176470588235,0.2659843732805106,0.3333333333333333,1.0,0.41071428571428575,0.0,0.0,1
834,0.16176470588235292,0.11428414218113787,0.3333333333333333,0.6666666666666667,0.10714285714285715,0.0,0.0,2
835,0.1176470588235294,0.045779685264663805,1.0,1.0,0.5178571428571428,0.3333333333333333,0.0,2
836,0.1176470588235294,0.034995047870584356,1.0,0.3333333333333333,0.035714285714285754,0.0,0.0,1
837,0.0,0.01931330472103004,0.0,0.6666666666666667,0.07142857142857145,0.0,1.0,1
838,0.2941176470588235,0.148949048090679,1.0,1.0,0.7857142857142858,0.3333333333333333,0.0,1
839,0.2941176470588235,0.12991086167051832,1.0,0.6666666666666667,0.48214285714285715,0.3333333333333333,0.0,1
840,0.47058823529411764,0.2712116209970287,1.0,0.3333333333333333,0.17857142857142855,0.0,0.0,2
841,0.25,0.1509298998569385,0.6666666666666667,0.3333333333333333,0.16071428571428575,0.3333333333333333,0.0,1
842,0.20588235294117646,0.09315505667436998,1.0,1.0,0.07142857142857145,0.0,0.0,2
843,0.2941176470588235,0.07202597116760207,1.0,1.0,0.5535714285714286,0.0,0.0,1
844,0.20588235294117646,0.17453505007153078,1.0,1.0,0.49999999999999994,0.6666666666666667,1.0,1
845,0.25,0.2050181578078574,0.3333333333333333,0.6666666666666667,0.28571428571428575,0.0,0.0,1
846,0.20588235294117646,0.3582590513920986,0.3333333333333333,1.0,0.875,0.3333333333333333,0.0,2
847,0.2941176470588235,0.05496863651370089,1.0,0.3333333333333333,0.16071428571428575,0.0,0.0,1
848,0.07352941176470588,0.06129635743369649,0.6666666666666667,1.0,0.7142857142857144,0.0,0.0,1
849,0.1176470588235294,0.025255860019808517,1.0,1.0,0.6785714285714286,0.0,0.0,2
850,0.23529411764705882,0.10922196544514141,1.0,0.3333333333333333,0.25000000000000006,0.3333333333333333,0.0,2
851,0.2941176470588235,0.20864971937933313,0.6666666666666667,1.0,0.42857142857142855,0.3333333333333333,0.0,1
852,0.16176470588235292,0.06718388907230109,1.0,1.0,0.28571428571428575,0.3333333333333333,0.0,1
853,0.20588235294117646,0.06558820292725871,1.0,1.0,0.23214285714285715,0.3333333333333333,1.0,2
854,0.47058823529411764,0.5846263893474194,0.3333333333333333,0.3333333333333333,0.46428571428571425,0.3333333333333333,1.0,1
855,0.2941176470588235,0.06734896005282272,1.0,0.6666666666666667,0.25000000000000006,0.0,0.0,1
856,0.08823529411764706,0.03543523715197534,1.0,0.6666666666666667,0.37499999999999994,0.0,0.0,1
857,0.16176470588235292,0.17018818091779467,1.0,0.3333333333333333,0.16071428571428575,0.0,0.0,1
858,0.16176470588235292,0.20408275558490152,0.6666666666666667,0.3333333333333333,0.17857142857142855,0.0,0.0,2
859,0.07352941176470588,0.18306371739848135,0.0,0.3333333333333333,0.125,0.0,1.0,1
860,0.2941176470588235,0.30560140860570045,1.0,0.3333333333333333,0.14285714285714285,0.3333333333333333,0.0,1
861,0.20588235294117646,0.10559040387366568,1.0,0.3333333333333333,0.16071428571428575,0.0,0.0,2
862,0.2941176470588235,0.12044679212061186,1.0,1.0,0.28571428571428575,0.0,0.0,2
863,0.338235294117647,0.23528117090348852,1.0,0.3333333333333333,0.23214285714285715,0.3333333333333333,1.0,1
864,0.08823529411764706,0.10784637394079453,0.3333333333333333,0.3333333333333333,0.10714285714285715,0.0,0.0,2
865,0.16176470588235292,0.10845163420270716,0.3333333333333333,1.0,0.01785714285714285,0.0,0.0,1
866,0.20588235294117646,0.11769560911191813,1.0,0.0,0.14285714285714285,0.0,0.0,1
867,0.1176470588235294,0.16952789699570817,0.3333333333333333,1.0,0.41071428571428575,0.0,0.0,1
868,0.47058823529411764,0.39391438318476946,0.6666666666666667,0.3333333333333333,0.32142857142857145,0.3333333333333333,0.0,1
869,0.1176470588235294,0.022119511389897654,1.0,1.0,0.0892857142857143,0.0,0.0,1
870,0.47058823529411764,0.4087157477715418,0.3333333333333333,1.0,0.37499999999999994,0.3333333333333333,0.0,1
871,0.029411764705882346,0.06014086057004511,0.0,1.0,0.48214285714285715,0.3333333333333333,1.0,1
872,0.2941176470588235,0.06228678331682623,1.0,0.0,0.125,0.3333333333333333,0.0,1
873,0.16176470588235292,0.034334763948497854,1.0,0.0,0.0892857142857143,0.0,0.0,1
874,0.1176470588235294,0.18377902498074172,0.3333333333333333,0.3333333333333333,0.17857142857142855,0.0,1.0,1
875,0.10294117647058824,0.05898536370639375,1.0,1.0,0.37499999999999994,0.3333333333333333,0.0,1
876,0.20588235294117646,0.09298998569384835,0.6666666666666667,1.0,0.30357142857142855,0.0,0.0,1
877,0.47058823529411764,0.1840541432816111,1.0,0.3333333333333333,0.16071428571428575,0.0,0.0,1
878,0.07352941176470588,0.06448772972378122,0.6666666666666667,0.3333333333333333,0.14285714285714285,0.0,0.0,2
879,0.38235294117647056,0.35721360184879497,0.3333333333333333,0.6666666666666667,0.30357142857142855,0.3333333333333333,0.0,1
880,0.2941176470588235,0.41619896555518876,0.6666666666666667,0.6666666666666667,0.33928571428571425,0.0,0.0,1
881,0.2941176470588235,0.49669858038956755,0.3333333333333333,1.0,0.5178571428571428,0.0,0.0,1
882,0.38235294117647056,0.10625068779575217,1.0,1.0,0.30357142857142855,0.3333333333333333,0.0,1
883,0.20588235294117646,0.04666006382744581,1.0,1.0,0.8214285714285714,0.3333333333333333,0.0,1
884,0.2941176470588235,0.20947507428194126,0.6666666666666667,0.6666666666666667,0.42857142857142855,0.0,0.0,2
885,0.1176470588235294,0.029987894794761747,1.0,1.0,0.6071428571428572,0.0,0.0,2
886,0.2941176470588235,0.14168592494772753,1.0,0.6666666666666667,0.26785714285714285,0.3333333333333333,1.0,1
887,0.6470588235294117,0.8485748872014967,0.3333333333333333,0.3333333333333333,0.07142857142857145,0.0,0.0,2
888,0.47058823529411764,0.350170573346539,1.0,1.0,0.26785714285714285,0.3333333333333333,0.0,1
889,0.3529411764705882,0.4167492021569275,0.6666666666666667,1.0,0.37499999999999994,0.3333333333333333,1.0,1
890,0.338235294117647,0.12061186310113349,1.0,1.0,0.42857142857142855,1.0,1.0,1
891,0.16176470588235292,0.08688235941454825,1.0,1.0,0.48214285714285715,0.3333333333333333,0.0,1
892,0.1176470588235294,0.10570045119401342,1.0,1.0,0.33928571428571425,0.3333333333333333,0.0,1
893,0.47058823529411764,0.30538131396500495,0.6666666666666667,1.0,0.26785714285714285,0.3333333333333333,0.0,1
894,0.20588235294117646,0.0505667436997909,1.0,0.6666666666666667,0.17857142857142855,0.3333333333333333,0.0,1
895,0.47058823529411764,0.47854077253218885,0.6666666666666667,0.3333333333333333,0.21428571428571425,0.0,1.0,1
896,0.25,0.12963574336964895,1.0,1.0,0.16071428571428575,0.0,0.0,1
897,0.1176470588235294,0.07384175195333993,0.6666666666666667,0.3333333333333333,0.28571428571428575,0.0,0.0,1
898,0.16176470588235292,0.10652580609662154,0.0,1.0,0.25000000000000006,0.0,0.0,1
899,0.20588235294117646,0.21475734565863322,0.3333333333333333,0.6666666666666667,0.41071428571428575,0.0,0.0,2
900,0.1764705882352941,0.13068119291295258,0.3333333333333333,1.0,0.42857142857142855,0.0,0.0,2
901,0.23529411764705882,0.1780015406624849,0.3333333333333333,1.0,0.44642857142857145,0.3333333333333333,0.0,1
902,0.47058823529411764,0.5627269725982172,0.3333333333333333,1.0,0.41071428571428575,0.3333333333333333,0.0,1
903,0.16176470588235292,0.06250687795752173,1.0,0.3333333333333333,0.37499999999999994,0.0,0.0,1
904,0.2941176470588235,0.056564322658743255,1.0,0.0,0.30357142857142855,0.0,0.0,1
905,0.1176470588235294,0.04715527676901067,0.3333333333333333,0.3333333333333333,0.01785714285714285,0.0,1.0,1
906,0.25,0.19329811819082207,0.3333333333333333,0.3333333333333333,0.0892857142857143,0.0,0.0,1
907,0.47058823529411764,0.1904368878617806,0.3333333333333333,0.3333333333333333,0.14285714285714285,0.0,0.0,1
908,0.16176470588235292,0.18399911962143722,0.0,0.3333333333333333,0.48214285714285715,0.3333333333333333,0.0,1
909,0.07352941176470588,0.1620446792120612,0.0,0.3333333333333333,0.25000000000000006,0.0,0.0,1
910,0.47058823529411764,0.23131946737096953,1.0,1.0,0.26785714285714285,0.3333333333333333,0.0,1
911,0.2941176470588235,0.24683613954000222,0.3333333333333333,1.0,0.10714285714285715,0.0,0.0,2
912,0.38235294117647056,0.15081985253659075,0.3333333333333333,1.0,0.10714285714285715,0.0,0.0,1
913,0.10294117647058824,0.10410476504897105,0.0,0.3333333333333333,0.16071428571428575,0.0,0.0,1
914,0.2941176470588235,0.16017387476614944,1.0,0.3333333333333333,0.21428571428571425,0.0,0.0,2
915,0.6470588235294117,1.0,0.0,0.3333333333333333,0.23214285714285715,0.0,0.0,2
916,0.08823529411764706,0.14295146913172666,0.0,0.3333333333333333,0.23214285714285715,0.0,1.0,1
917,0.029411764705882346,0.8058765269065697,0.0,1.0,0.875,0.0,0.0,2
918,0.2941176470588235,0.11604489930670188,0.0,0.0,0.25000000000000006,0.0,0.0,2
919,0.2941176470588235,0.17029822823814242,1.0,0.3333333333333333,0.35714285714285715,0.0,0.0,2
920,0.20588235294117646,0.08622207549246176,1.0,0.3333333333333333,0.16071428571428575,0.3333333333333333,0.0,1
921,0.6470588235294117,0.6877407285132606,1.0,0.0,0.32142857142857145,0.0,0.0,1
922,0.07352941176470588,0.06140640475404424,0.6666666666666667,1.0,0.0535714285714286,0.0,0.0,2
923,0.1176470588235294,0.09640145262462858,0.6666666666666667,1.0,0.19642857142857145,0.0,1.0,1
924,0.2941176470588235,0.36436667767139874,0.3333333333333333,0.0,0.6428571428571428,0.0,0.0,2
925,0.1176470588235294,0.024595576097722022,1.0,0.3333333333333333,0.48214285714285715,0.3333333333333333,0.0,2
926,0.20588235294117646,0.04396390447892594,1.0,1.0,0.035714285714285754,0.0,0.0,1
927,0.6470588235294117,0.5528227137669197,1.0,1.0,0.35714285714285715,0.6666666666666667,1.0,2
928,0.38235294117647056,0.08897325850115549,1.0,1.0,0.6964285714285714,0.0,0.0,1
929,0.1176470588235294,0.06019588423021899,1.0,0.3333333333333333,0.42857142857142855,0.3333333333333333,1.0,1
930,0.2941176470588235,0.08237041928029053,1.0,0.0,0.0892857142857143,0.0,0.0,1
931,0.07352941176470588,0.07813359744690217,1.0,0.3333333333333333,0.0535714285714286,0.0,0.0,2
932,0.07352941176470588,0.05359304500935402,0.6666666666666667,0.0,0.19642857142857145,0.3333333333333333,0.0,1
933,0.1176470588235294,0.014966435567293938,1.0,1.0,0.41071428571428575,0.3333333333333333,1.0,1
934,0.1176470588235294,0.06866952789699571,1.0,0.0,0.07142857142857145,0.0,0.0,1
935,0.38235294117647056,0.09183448883019699,1.0,0.6666666666666667,0.19642857142857145,0.3333333333333333,0.0,2
936,0.07352941176470588,0.02723671178606801,0.6666666666666667,0.3333333333333333,0.16071428571428575,0.0,0.0,2
937,0.029411764705882346,0.09975789589523495,1.0,0.6666666666666667,0.19642857142857145,0.0,0.0,1
938,0.8235294117647058,0.33223286012985587,1.0,1.0,0.41071428571428575,0.0,0.0,2
939,0.2941176470588235,0.3627159678661825,0.3333333333333333,1.0,0.48214285714285715,0.3333333333333333,1.0,1
940,0.1176470588235294,0.18031253438978762,0.3333333333333333,0.6666666666666667,0.46428571428571425,0.0,1.0,1
941,0.08823529411764706,0.07131066358534169,0.6666666666666667,0.3333333333333333,0.21428571428571425,0.0,1.0,1
942,0.2941176470588235,0.03736106525806096,1.0,0.3333333333333333,0.21428571428571425,0.0,0.0,1
943,0.0,0.06630351050951909,0.3333333333333333,0.0,0.41071428571428575,0.6666666666666667,1.0,1
944,0.16176470588235292,0.08776273797733025,1.0,0.0,0.48214285714285715,0.0,0.0,1
945,0.6470588235294117,0.44613183668977663,0.0,0.0,0.19642857142857145,0.3333333333333333,0.0,1
946,0.2941176470588235,0.17051832287883792,1.0,1.0,0.19642857142857145,0.0,1.0,2
947,0.1176470588235294,0.14355672939363928,1.0,1.0,0.33928571428571425,0.0,0.0,1
948,0.20588235294117646,0.07059535600308132,1.0,0.0,0.42857142857142855,0.0,1.0,2
949,0.2941176470588235,0.18548475844613185,0.3333333333333333,1.0,0.21428571428571425,0.3333333333333333,0.0,2
950,0.20588235294117646,0.18377902498074172,0.6666666666666667,0.6666666666666667,0.37499999999999994,0.6666666666666667,1.0,1
951,0.47058823529411764,0.10426983602949268,0.3333333333333333,0.0,0.0892857142857143,0.3333333333333333,0.0,2
952,0.2941176470588235,0.21255639925167824,0.6666666666666667,1.0,0.16071428571428575,0.0,0.0,2
953,0.47058823529411764,0.590073731704633,1.0,0.3333333333333333,0.125,0.3333333333333333,0.0,2
954,0.1176470588235294,0.09040387366567623,1.0,1.0,0.17857142857142855,0.0,0.0,1
955,0.2941176470588235,0.05397821063057115,1.0,1.0,0.6785714285714286,0.3333333333333333,0.0,1
956,0.38235294117647056,0.18741058655221746,1.0,1.0,0.5357142857142858,0.3333333333333333,0.0,1
957,0.07352941176470588,0.04974138879718279,0.3333333333333333,1.0,0.32142857142857145,0.6666666666666667,0.0,1
958,0.3529411764705882,0.20666886761307363,0.6666666666666667,0.3333333333333333,0.46428571428571425,0.0,0.0,2
959,0.2941176470588235,0.15511169803015298,1.0,1.0,0.19642857142857145,0.0,0.0,1
960,0.029411764705882346,0.0819852536590734,0.3333333333333333,0.3333333333333333,0.19642857142857145,0.3333333333333333,0.0,1
961,0.25,0.11571475734565863,0.0,1.0,0.49999999999999994,0.3333333333333333,0.0,1
962,0.16176470588235292,0.18190822053483,0.6666666666666667,0.3333333333333333,0.17857142857142855,0.0,0.0,1
963,0.2941176470588235,0.11813579839330911,0.6666666666666667,0.3333333333333333,0.28571428571428575,0.3333333333333333,0.0,2
964,0.029411764705882346,0.011224826675470454,0.6666666666666667,0.0,0.0535714285714286,0.0,0.0,1
965,0.38235294117647056,0.08060966215472654,1.0,0.0,0.125,0.0,0.0,1
966,0.338235294117647,0.12490370859469573,1.0,0.3333333333333333,0.07142857142857145,0.3333333333333333,0.0,2
967,0.16176470588235292,0.1825685044569165,1.0,0.3333333333333333,0.625,0.0,0.0,1
968,0.5588235294117647,0.3805436337625179,0.3333333333333333,1.0,0.17857142857142855,0.0,0.0,1
969,0.10294117647058824,0.20298228238142402,0.0,0.3333333333333333,0.37499999999999994,0.3333333333333333,1.0,1
970,0.16176470588235292,0.0695499064597777,1.0,0.3333333333333333,0.0535714285714286,0.0,0.0,1
971,0.2941176470588235,0.39303400462198745,0.0,1.0,0.42857142857142855,0.0,1.0,1
972,0.2941176470588235,0.05188731154396391,0.0,1.0,0.17857142857142855,0.3333333333333333,0.0,2
973,0.8235294117647058,0.3877517332452955,1.0,1.0,0.30357142857142855,0.0,0.0,2
974,0.38235294117647056,0.14201606690877078,1.0,0.3333333333333333,0.25000000000000006,0.0,0.0,1
975,0.2941176470588235,0.055463849455265765,0.6666666666666667,0.6666666666666667,0.6785714285714286,0.0,0.0,1
976,0.029411764705882346,0.02767690106745901,0.3333333333333333,0.6666666666666667,0.8035714285714286,0.0,0.0,1
977,0.20588235294117646,0.11978650819852536,1.0,0.3333333333333333,0.41071428571428575,0.3333333333333333,0.0,1
978,0.2941176470588235,0.12589413447782546,1.0,1.0,0.49999999999999994,0.3333333333333333,1.0,2
979,0.16176470588235292,0.055793991416309016,0.3333333333333333,0.3333333333333333,0.10714285714285715,0.0,0.0,2
980,0.38235294117647056,0.44767249917464513,0.3333333333333333,0.3333333333333333,0.5357142857142858,0.0,0.0,2
981,0.6470588235294117,0.2527786948387807,0.6666666666666667,0.3333333333333333,0.25000000000000006,0.0,0.0,2
982,0.25,0.14707824364476726,0.0,0.0,0.16071428571428575,0.0,0.0,1
983,0.47058823529411764,0.43903378452734676,0.3333333333333333,0.3333333333333333,0.125,0.0,1.0,2
984,0.2941176470588235,0.09783206778914934,0.3333333333333333,0.3333333333333333,0.19642857142857145,0.3333333333333333,0.0,1
985,0.16176470588235292,0.06509298998569385,1.0,0.6666666666666667,0.10714285714285715,0.3333333333333333,0.0,1
986,0.5588235294117647,0.3322878837900297,0.3333333333333333,0.0,0.25000000000000006,0.3333333333333333,0.0,1
987,0.13235294117647056,0.06377242214152085,0.3333333333333333,1.0,0.8035714285714286,0.0,0.0,1
988,0.2941176470588235,0.3482447452404534,1.0,0.3333333333333333,0.17857142857142855,0.0,0.0,1
989,0.2941176470588235,0.08215032463959503,1.0,0.3333333333333333,0.5178571428571428,0.3333333333333333,0.0,1
990,0.1176470588235294,0.18240343347639487,0.3333333333333333,0.0,0.32142857142857145,0.3333333333333333,1.0,1
991,0.16176470588235292,0.07257620776934082,1.0,1.0,0.26785714285714285,0.0,1.0,1
992,0.20588235294117646,0.09276989105315285,0.3333333333333333,1.0,0.07142857142857145,0.3333333333333333,0.0,1
993,0.47058823529411764,0.20408275558490152,1.0,0.6666666666666667,0.19642857142857145,0.0,0.0,1
994,0.1176470588235294,0.11775063277209201,1.0,0.6666666666666667,0.5535714285714286,0.0,0.0,1
995,0.1176470588235294,0.0817651590183779,0.6666666666666667,1.0,0.21428571428571425,0.0,0.0,1
996,0.38235294117647056,0.19847034224716628,1.0,1.0,0.37499999999999994,0.0,0.0,1
997,0.1176470588235294,0.030483107736326624,1.0,1.0,0.33928571428571425,0.0,0.0,1
998,0.6029411764705882,0.08776273797733025,1.0,1.0,0.07142857142857145,0.0,0.0,2
999,0.6029411764705882,0.23803235391218225,0.6666666666666667,1.0,0.14285714285714285,0.0,0.0,1
